id,current_price,raw_price,likes_count,is_new,codCountry,brand
1687903,36.400000,72.800000,873,false,"ID,MY,PH,SG,TH,VN",
1533324,46.360000,106.490000,358,false,"ID,MY,PH,SG,TH,VN",
1651734,43.380000,119.980000,1511,false,"ID,MY,PH,SG,TH,VN"," Menico"
1474682,46.180000,119.980000,2738,false,"ID,MY,PH,SG,TH,VN",
1682984,45.570000,91.140000,202,false,"ID,MY,PH,SG,TH,VN",
1696409,36.640000,73.280000,303,false,"ID,MY,PH,SG,TH,VN",
1488803,22.980000,63.980000,3688,false,"ID,MY,PH,SG,TH,VN",
1685010,49.990000,12.200000,159,false,"ID,MY,PH,SG,TH,VN",
1341589,64.620000,11.200000,3216,false,"ID,MY,PH,SG,TH,VN"," Menico"
1662406,46.990000,1.200000,275,false,"ID,MY,PH,SG,TH,VN",
1707688,31.330000,62.660000,107,false,"ID,MY,PH,SG,TH,VN",
1646014,48.040000,99.980000,455,false,"ID,MY,PH,SG,TH,VN",
1697448,29.690000,65.980000,124,false,"ID,MY,PH,SG,TH,VN",
1697739,49.990000,99.980000,119,false,"ID,MY,PH,SG,TH,VN",
1629820,46.790000,108.670000,203,false,"ID,MY,PH,SG,TH,VN"," Menico"
1703264,25.930000,48.730000,61,false,"ID,MY,PH,SG,TH,VN",
1630143,44.940000,93.990000,299,false,"ID,MY,PH,SG,TH,VN"," Menico"
1687903,36.400000,72.800000,873,false,"ID,MY,PH,SG,TH,VN",
1533324,46.360000,106.490000,358,false,"ID,MY,PH,SG,TH,VN",
1651734,43.380000,119.980000,1511,false,"ID,MY,PH,SG,TH,VN"," Menico"
1474682,46.180000,119.980000,2738,false,"ID,MY,PH,SG,TH,VN",
1682984,45.570000,91.140000,202,false,"ID,MY,PH,SG,TH,VN",
1696409,36.640000,73.280000,303,false,"ID,MY,PH,SG,TH,VN",
1488803,22.980000,63.980000,3688,false,"ID,MY,PH,SG,TH,VN",
1685010,49.990000,112.340000,159,false,"ID,MY,PH,SG,TH,VN",
1341589,64.620000,131.980000,3216,false,"ID,MY,PH,SG,TH,VN"," Menico"
1662406,46.990000,124.980000,275,false,"ID,MY,PH,SG,TH,VN",
1707688,31.330000,62.660000,107,false,"ID,MY,PH,SG,TH,VN",
1646014,48.040000,99.980000,455,false,"ID,MY,PH,SG,TH,VN",
1697448,29.690000,65.980000,124,false,"ID,MY,PH,SG,TH,VN",
1697739,49.990000,99.980000,119,false,"ID,MY,PH,SG,TH,VN",
1629820,46.790000,108.670000,203,false,"ID,MY,PH,SG,TH,VN"," Menico"
1703264,25.930000,48.730000,61,false,"ID,MY,PH,SG,TH,VN",
1630143,44.940000,93.990000,299,false,"ID,MY,PH,SG,TH,VN"," Menico"
1658035,60.360000,106.030000,55,false,"ID,MY,PH,SG,TH,VN"," Menico"
1671035,44.080000,91.980000,6,false,"ID,MY,PH,SG,TH,VN",
1685042,46.830000,93.660000,21,false,"ID,MY,PH,SG,TH,VN",
1657994,86.610000,132.800000,19,false,"ID,MY,PH,SG,TH,VN",
1713575,42.140000,84.280000,7,false,"ID,MY,PH,SG,TH,VN"," Menico"
1685583,37.050000,82.330000,10,false,"ID,MY,PH,SG,TH,VN",
1662632,64.560000,115.860000,23,false,,
1605907,66.660000,96.030000,37,false,"ID,MY,PH,SG,TH,VN",
1339972,71.990000,114.530000,111,false,"ID,MY,PH,SG,TH,VN",
1303353,58.990000,89.570000,48,false,"ID,MY,PH,SG,TH,VN",
1571960,58.260000,89.790000,13,false,"ID,MY,PH,SG,TH,VN",
1235036,51.960000,67.350000,288,false,"ID,MY,PH,SG,TH,VN",
1578780,55.110000,75.110000,29,false,"ID,MY,PH,SG,TH,VN",
1550094,55.990000,85.280000,17,false,,
1479200,49.990000,76.800000,64,false,"ID,MY,PH,SG,TH,VN",
1407996,61.410000,86.870000,94,false,"ID,MY,PH,SG,TH,VN",
1642738,46.710000,91.090000,13,false,"ID,MY,PH,SG,TH,VN",
1358835,49.860000,97.760000,48,false,"ID,MY,PH,SG,TH,VN",
1257923,56.160000,77.570000,159,false,"ID,MY,PH,SG,TH,VN",
1257930,53.010000,70.440000,363,false,"ID,MY,PH,SG,TH,VN",
1341594,43.560000,86.640000,42,false,"ID,MY,PH,SG,TH,VN",
1509266,63.510000,97.480000,44,false,"ID,MY,PH,SG,TH,VN",
1558063,54.060000,72.590000,74,false,"ID,MY,PH,SG,TH,VN"," Menico"
1464250,42.510000,88.860000,41,false,"ID,MY,PH,SG,TH,VN",
1628326,65.610000,118.060000,16,false,," Menico"
1407516,66.660000,97.720000,73,false,"ID,MY,PH,SG,TH,VN",
1302763,57.210000,76.350000,73,false,"ID,MY,PH,SG,TH,VN",
1443956,63.510000,89.520000,79,false,"ID,MY,PH,SG,TH,VN",
1337695,59.310000,80.510000,77,false,"ID,MY,PH,SG,TH,VN",
1446564,64.990000,100.640000,29,false,"ID,MY,PH,SG,TH,VN",
1397163,55.110000,75.350000,39,false,"ID,MY,PH,SG,TH,VN",
1475675,47.760000,93.310000,35,false,"ID,MY,PH,SG,TH,VN",
1535546,59.310000,102.660000,51,false,"ID,MY,PH,SG,TH,VN",
1540298,45.660000,88.870000,31,false,"ID,MY,PH,SG,TH,VN",
1627157,57.210000,86.190000,8,false,"ID,MY,PH,SG,TH,VN",
1048726,27.010000,59.590000,166,false,"ID,MY,PH,SG,TH,VN",
1684245,53.020000,117.820000,0,false,"ID,MY,PH,SG,TH,VN",
1587589,53.990000,99.940000,19,false,,
1128353,27.200000,58.470000,114,false,"ID,MY,PH,SG,TH,VN",
1549226,56.160000,80.900000,37,false,,
1400404,64.560000,89.690000,284,false,"ID,MY,PH,SG,TH,VN",
1416732,60.360000,81.600000,153,false,"ID,MY,PH,SG,TH,VN",
1256797,68.760000,101.190000,311,false,"ID,MY,PH,SG,TH,VN",
1452908,56.160000,77.670000,75,false,"ID,MY,PH,SG,TH,VN",
1473820,55.110000,73.660000,14,false,"ID,MY,PH,SG,TH,VN",
1618338,69.810000,102.020000,9,false,"ID,MY,PH,SG,TH,VN",
1557079,55.110000,82.920000,36,false,"ID,MY,PH,SG,TH,VN"," Menico"
1557599,63.510000,90.020000,25,false,"ID,MY,PH,SG,TH,VN",
1487538,66.660000,97.680000,43,false,"ID,MY,PH,SG,TH,VN",
1129792,49.940000,96.280000,431,false,"ID,MY,PH,SG,TH,VN",
1077518,52.860000,105.750000,399,false,"ID,MY,PH,SG,TH,VN",
1626460,76.110000,140.290000,10,false,"ID,MY,PH,SG,TH,VN",
1107293,53.600000,103.700000,274,false,"ID,MY,PH,SG,TH,VN",
1425135,63.510000,91.650000,201,false,"ID,MY,PH,SG,TH,VN",
1442066,60.360000,84.500000,105,false,"ID,MY,PH,SG,TH,VN",
1582392,72.960000,109.590000,34,false,"ID,MY,PH,SG,TH,VN",
1403557,71.910000,107.120000,59,false,"ID,MY,PH,SG,TH,VN",
1169183,22.460000,50.900000,208,false,"ID,MY,PH,SG,TH,VN",
1341287,62.460000,86.240000,81,false,"ID,MY,PH,SG,TH,VN",
1353661,50.910000,99.980000,21,false,"ID,MY,PH,SG,TH,VN",
1642025,63.510000,105.070000,49,false,"ID,MY,PH,SG,TH,VN"," Menico"
1566407,62.460000,89.230000,86,false,"ID,MY,PH,SG,TH,VN"," Menico"
1548634,60.360000,82.440000,16,false,,
1629822,60.360000,98.310000,56,false,"ID,MY,PH,SG,TH,VN"," Menico"
1263864,69.810000,99.130000,75,false,"ID,MY,PH,SG,TH,VN",
1130561,51.090000,98.140000,309,false,"ID,MY,PH,SG,TH,VN",
1671932,45.560000,113.900000,10,false,"ID,MY,PH,SG,TH,VN"," Menico"
1507071,59.310000,103.100000,25,false,"ID,MY,PH,SG,TH,VN",
1216336,65.610000,89.970000,279,false,"ID,MY,PH,SG,TH,VN",
1599496,63.510000,90.860000,13,false,"ID,MY,PH,SG,TH,VN",
1522015,53.990000,87.010000,10,false,"ID,MY,PH,SG,TH,VN",
1405307,63.510000,87.730000,59,false,"ID,MY,PH,SG,TH,VN",
1630144,48.810000,95.530000,9,false,"ID,MY,PH,SG,TH,VN",
1420463,64.560000,93.300000,37,false,"ID,MY,PH,SG,TH,VN",
1073182,38.830000,75.920000,236,false,"ID,MY,PH,SG,TH,VN",
1627765,62.460000,103.980000,27,false,"ID,MY,PH,SG,TH,VN"," Menico"
1400972,69.810000,102.020000,50,false,"ID,MY,PH,SG,TH,VN",
1463310,55.110000,73.150000,75,false,"ID,MY,PH,SG,TH,VN",
1611625,66.660000,96.030000,42,false,"ID,MY,PH,SG,TH,VN",
1616272,63.990000,115.750000,12,false,,
1618212,62.460000,88.090000,11,false,"ID,MY,PH,SG,TH,VN",
1623894,58.260000,94.010000,27,false,"ID,MY,PH,SG,TH,VN",
1642024,60.360000,95.330000,6,false,"ID,MY,PH,SG,TH,VN",
1460455,57.990000,90.600000,37,false,"ID,MY,PH,SG,TH,VN",
1485743,66.660000,122.030000,38,false,"ID,MY,PH,SG,TH,VN",
1381572,61.410000,103.980000,182,false,"ID,MY,PH,SG,TH,VN",
1388120,63.990000,99.940000,44,false,"ID,MY,PH,SG,TH,VN",
1443983,51.960000,68.190000,37,false,"ID,MY,PH,SG,TH,VN",
1269934,47.760000,93.310000,719,false,"ID,MY,PH,SG,TH,VN"," Menico"
1285807,78.210000,112.220000,169,false,"ID,MY,PH,SG,TH,VN",
1287092,33.060000,68.860000,91,false,"ID,MY,PH,SG,TH,VN",
1443254,61.990000,97.330000,86,false,"ID,MY,PH,SG,TH,VN",
1590795,61.410000,101.410000,111,false,"ID,MY,PH,SG,TH,VN",
1606763,54.060000,77.250000,43,false,"ID,MY,PH,SG,TH,VN",
1615955,64.560000,93.610000,10,false,"ID,MY,PH,SG,TH,VN",
1618859,67.710000,99.600000,19,false,"ID,MY,PH,SG,TH,VN",
1536796,50.910000,99.980000,22,false,"ID,MY,PH,SG,TH,VN",
1504146,62.460000,110.340000,61,false,"ID,MY,PH,SG,TH,VN"," Menico"
1628347,65.610000,105.750000,25,false,," Menico"
1635429,40.410000,84.420000,22,false,"ID,MY,PH,SG,TH,VN",
987730,30.660000,59.450000,90,false,"ID,MY,PH,SG,TH,VN",
1599498,64.990000,105.260000,8,false,,
1663985,50.910000,83.370000,42,false,"ID,MY,PH,SG,TH,VN",
1697134,46.990000,93.980000,10,false,"ID,MY,PH,SG,TH,VN",
1717511,27.410000,93.980000,4,true,"ID,MY,PH,SG,TH,VN",
1662687,48.810000,95.530000,29,false,"ID,MY,PH,SG,TH,VN",
1698441,37.670000,83.710000,13,false,"ID,MY,PH,SG,TH,VN",
1714471,41.510000,98.910000,5,false,"ID,MY,PH,SG,TH,VN",
1471755,65.610000,95.250000,42,false,,
1687778,45.320000,96.960000,17,false,"ID,MY,PH,SG,TH,VN",
1188397,60.360000,81.100000,658,false,"ID,MY,PH,SG,TH,VN",
1325672,46.710000,91.090000,244,false,"ID,MY,PH,SG,TH,VN",
1330011,59.310000,80.350000,96,false,"ID,MY,PH,SG,TH,VN",
1446561,64.560000,91.770000,28,false,"ID,MY,PH,SG,TH,VN",
1436760,71.910000,104.320000,30,false,"ID,MY,PH,SG,TH,VN",
1443960,53.010000,69.800000,41,false,"ID,MY,PH,SG,TH,VN",
1461418,63.510000,87.150000,17,false,"ID,MY,PH,SG,TH,VN",
1324992,51.990000,78.910000,33,false,"ID,MY,PH,SG,TH,VN",
1327824,43.930000,88.440000,43,false,"ID,MY,PH,SG,TH,VN",
1435375,71.910000,103.090000,50,false,"ID,MY,PH,SG,TH,VN",
1471351,47.760000,93.310000,85,false,"ID,MY,PH,SG,TH,VN",
1642740,48.810000,95.530000,11,false,"ID,MY,PH,SG,TH,VN",
1588210,65.610000,94.890000,43,false,"ID,MY,PH,SG,TH,VN",
1567502,57.990000,91.240000,11,false,,
1605903,57.210000,79.760000,40,false,"ID,MY,PH,SG,TH,VN",
1609118,42.510000,88.860000,15,false,"ID,MY,PH,SG,TH,VN",
1551444,54.990000,86.440000,14,false,"ID,MY,PH,SG,TH,VN",
1557171,69.810000,103.610000,16,false,"ID,MY,PH,SG,TH,VN",
1287662,36.100000,79.970000,220,false,"ID,MY,PH,SG,TH,VN",
1124806,52.730000,99.510000,397,false,"ID,MY,PH,SG,TH,VN",
971277,29.950000,65.350000,1016,false,"ID,MY,PH,SG,TH,VN",
1236136,70.860000,100.660000,97,false,"ID,MY,PH,SG,TH,VN",
1564577,63.510000,95.080000,26,false,"ID,MY,PH,SG,TH,VN",
1212153,60.360000,80.820000,587,false,"ID,MY,PH,SG,TH,VN",
1610318,51.990000,79.990000,20,false,"ID,MY,PH,SG,TH,VN",
1540990,50.910000,99.980000,32,false,"ID,MY,PH,SG,TH,VN",
1232526,53.010000,68.700000,613,false,"ID,MY,PH,SG,TH,VN",
1427217,64.560000,95.230000,282,false,"ID,MY,PH,SG,TH,VN",
1551422,61.410000,86.510000,19,false,"ID,MY,PH,SG,TH,VN",
1342012,42.510000,88.860000,75,false,"ID,MY,PH,SG,TH,VN",
1256730,69.810000,98.830000,210,false,"ID,MY,PH,SG,TH,VN",
1257961,60.360000,84.020000,91,false,"ID,MY,PH,SG,TH,VN",
1642029,66.660000,112.260000,18,false,"ID,MY,PH,SG,TH,VN"," Menico"
1436053,71.910000,106.420000,36,false,"ID,MY,PH,SG,TH,VN",
1372144,59.310000,77.950000,31,false,"ID,MY,PH,SG,TH,VN",
1401254,67.990000,110.440000,24,false,"ID,MY,PH,SG,TH,VN",
1571881,76.110000,112.240000,26,false,"ID,MY,PH,SG,TH,VN",
1576373,57.990000,112.700000,13,false,"ID,MY,PH,SG,TH,VN",
1530262,56.160000,78.090000,43,false,"ID,MY,PH,SG,TH,VN",
1530933,76.110000,114.310000,26,false,"ID,MY,PH,SG,TH,VN",
1514914,58.990000,96.430000,16,false,"ID,MY,PH,SG,TH,VN",
1264681,63.510000,86.900000,155,false,"ID,MY,PH,SG,TH,VN",
1116606,38.660000,75.910000,582,false,"ID,MY,PH,SG,TH,VN",
1073184,47.290000,94.320000,203,false,"ID,MY,PH,SG,TH,VN",
1366618,51.990000,80.380000,22,false,"ID,MY,PH,SG,TH,VN",
1395752,75.990000,126.250000,9,false,"ID,MY,PH,SG,TH,VN",
1567499,55.990000,87.690000,27,false,"ID,MY,PH,SG,TH,VN",
1576224,45.990000,85.550000,16,false,,
1242461,45.660000,88.870000,193,false,"ID,MY,PH,SG,TH,VN",
1570428,63.510000,115.790000,69,false,,
1300433,70.860000,101.150000,78,false,"ID,MY,PH,SG,TH,VN",
1185397,50.910000,99.980000,382,false,"ID,MY,PH,SG,TH,VN",
1233270,62.460000,89.530000,67,false,"ID,MY,PH,SG,TH,VN",
1245461,61.990000,95.310000,66,false,"ID,MY,PH,SG,TH,VN",
1331916,57.210000,77.470000,119,false,"ID,MY,PH,SG,TH,VN",DILUODAISHU
1342013,40.990000,55.760000,34,false,"ID,MY,PH,SG,TH,VN",
1282580,48.810000,95.530000,172,false,"ID,MY,PH,SG,TH,VN",
1442062,68.760000,101.190000,28,false,"ID,MY,PH,SG,TH,VN",
1335407,48.810000,95.530000,91,false,"ID,MY,PH,SG,TH,VN",
1337775,57.990000,90.600000,47,false,"ID,MY,PH,SG,TH,VN",
1442054,68.760000,101.190000,47,false,"ID,MY,PH,SG,TH,VN",
1445377,53.010000,70.170000,22,false,"ID,MY,PH,SG,TH,VN",
1456805,66.660000,94.200000,22,false,"ID,MY,PH,SG,TH,VN",
1457684,69.810000,102.830000,33,false,"ID,MY,PH,SG,TH,VN",
1389290,56.990000,85.750000,39,false,"ID,MY,PH,SG,TH,VN",
1431859,60.360000,85.670000,49,false,"ID,MY,PH,SG,TH,VN",
1471456,47.760000,93.310000,35,false,"ID,MY,PH,SG,TH,VN",
1583214,48.990000,87.790000,20,false,,
1587588,63.510000,106.110000,43,false,"ID,MY,PH,SG,TH,VN",
1588209,41.460000,86.640000,17,false,"ID,MY,PH,SG,TH,VN",
1576879,48.990000,74.640000,11,false,,
1604721,50.990000,93.070000,17,false,,
1617337,59.310000,94.450000,11,false,"ID,MY,PH,SG,TH,VN",
1522013,51.990000,81.960000,15,false,"ID,MY,PH,SG,TH,VN",
1540297,61.410000,96.870000,38,false,"ID,MY,PH,SG,TH,VN",
1545120,43.990000,80.950000,5,false,"ID,MY,PH,SG,TH,VN",
1546904,70.860000,105.290000,25,false,"ID,MY,PH,SG,TH,VN",
1554620,71.910000,107.200000,25,false,"ID,MY,PH,SG,TH,VN",
1554850,46.990000,67.490000,13,false,,
1558670,54.060000,72.590000,51,false,"ID,MY,PH,SG,TH,VN"," Menico"
1559448,56.160000,74.160000,23,false,,
1628325,59.310000,103.120000,15,false,," Menico"
1256079,66.660000,97.400000,146,false,"ID,MY,PH,SG,TH,VN",
1189639,71.990000,119.330000,98,false,"ID,MY,PH,SG,TH,VN",
1125342,46.550000,86.660000,174,false,"ID,MY,PH,SG,TH,VN",
1105523,48.870000,94.420000,2435,false,"ID,MY,PH,SG,TH,VN",
1106369,59.920000,114.810000,355,false,"ID,MY,PH,SG,TH,VN",
1111719,57.020000,105.620000,22,false,"ID,MY,PH,SG,TH,VN",
1285813,57.210000,78.110000,68,false,"ID,MY,PH,SG,TH,VN",
1371282,53.990000,84.480000,31,false,"ID,MY,PH,SG,TH,VN",
1220234,41.230000,79.460000,40,false,"ID,MY,PH,SG,TH,VN",
1072712,43.990000,79.970000,47,false,"ID,MY,PH,SG,TH,VN",
1484029,62.460000,87.120000,91,false,"ID,MY,PH,SG,TH,VN",
1425876,64.560000,92.820000,75,false,"ID,MY,PH,SG,TH,VN"," Menico"
1072094,37.750000,69.910000,272,false,"ID,MY,PH,SG,TH,VN",
1604726,63.510000,90.060000,13,false,,
1641495,64.560000,107.830000,38,false,"ID,MY,PH,SG,TH,VN"," Menico"
1358834,54.060000,72.160000,171,false,"ID,MY,PH,SG,TH,VN",
1366565,58.260000,78.210000,42,false,"ID,MY,PH,SG,TH,VN",
1276589,54.060000,75.500000,86,false,"ID,MY,PH,SG,TH,VN",
1450848,56.160000,77.670000,19,false,"ID,MY,PH,SG,TH,VN",
1451736,66.660000,92.380000,25,false,"ID,MY,PH,SG,TH,VN",
1353648,42.990000,58.860000,35,false,"ID,MY,PH,SG,TH,VN",
1436056,66.660000,96.840000,30,false,"ID,MY,PH,SG,TH,VN",
1463447,43.990000,63.490000,22,false,"ID,MY,PH,SG,TH,VN",
1586765,54.990000,85.930000,20,false,"ID,MY,PH,SG,TH,VN",
1588217,63.510000,90.060000,27,false,"ID,MY,PH,SG,TH,VN",
1599574,65.610000,94.440000,25,false,"ID,MY,PH,SG,TH,VN",
1605898,61.990000,109.670000,14,false,"ID,MY,PH,SG,TH,VN",
1605901,66.660000,97.620000,14,false,,
1618829,60.360000,84.090000,6,false,"ID,MY,PH,SG,TH,VN",
1533352,69.810000,129.500000,32,false,"ID,MY,PH,SG,TH,VN",
1558127,55.110000,71.760000,35,false,"ID,MY,PH,SG,TH,VN"," Menico"
1490874,41.990000,75.500000,29,false,"ID,MY,PH,SG,TH,VN",
1500384,69.810000,107.530000,20,false,"ID,MY,PH,SG,TH,VN",
1626329,49.860000,97.760000,10,false,"ID,MY,PH,SG,TH,VN",
1626533,63.510000,114.560000,13,false,"ID,MY,PH,SG,TH,VN"," Menico"
1626823,60.360000,107.090000,56,false,"ID,MY,PH,SG,TH,VN"," Menico"
1630328,48.810000,95.530000,7,false,"ID,MY,PH,SG,TH,VN",
1299899,48.810000,95.530000,104,false,"ID,MY,PH,SG,TH,VN",
1255018,69.990000,112.370000,54,false,"ID,MY,PH,SG,TH,VN",
1074969,23.610000,53.840000,29,false,"ID,MY,PH,SG,TH,VN",
1667623,50.950000,110.550000,6,false,"ID,MY,PH,SG,TH,VN",
1609120,51.960000,69.720000,16,false,"ID,MY,PH,SG,TH,VN",
1424524,48.810000,95.530000,35,false,"ID,MY,PH,SG,TH,VN",
1231441,66.660000,92.730000,75,false,"ID,MY,PH,SG,TH,VN",
1397222,51.990000,78.930000,76,false,"ID,MY,PH,SG,TH,VN",
1527155,61.990000,107.330000,30,false,"ID,MY,PH,SG,TH,VN",
1545980,54.990000,107.410000,17,false,"ID,MY,PH,SG,TH,VN",
1412659,67.710000,97.400000,39,false,"ID,MY,PH,SG,TH,VN",
1326139,57.210000,76.740000,81,false,"ID,MY,PH,SG,TH,VN",
1339536,59.990000,93.770000,34,false,"ID,MY,PH,SG,TH,VN",
1302759,55.990000,86.440000,43,false,"ID,MY,PH,SG,TH,VN",
1441163,70.860000,105.210000,19,false,"ID,MY,PH,SG,TH,VN",
1702044,26.030000,57.840000,8,false,"ID,MY,PH,SG,TH,VN",
1697463,34.020000,75.600000,10,false,"ID,MY,PH,SG,TH,VN",
1703276,44.820000,97.380000,6,false,"ID,MY,PH,SG,TH,VN",
1716187,32.990000,73.310000,2,false,"ID,MY,PH,SG,TH,VN",
1639772,63.510000,96.470000,50,false,"ID,MY,PH,SG,TH,VN"," Menico"
1626332,61.410000,95.940000,49,false,"ID,MY,PH,SG,TH,VN"," Menico"
1662251,59.310000,84.080000,17,false,"ID,MY,PH,SG,TH,VN",
1476779,66.660000,153.030000,36,false,"ID,MY,PH,SG,TH,VN",
1589229,53.010000,71.360000,37,false,"ID,MY,PH,SG,TH,VN",
1560333,76.110000,111.480000,14,false,"ID,MY,PH,SG,TH,VN"," Menico"
1565286,61.410000,86.870000,10,false,,
1567505,46.990000,70.780000,9,false,,
1617775,58.260000,86.020000,22,false,"ID,MY,PH,SG,TH,VN",
1618258,61.410000,86.870000,3,false,"ID,MY,PH,SG,TH,VN",
1522014,71.990000,126.710000,21,false,"ID,MY,PH,SG,TH,VN",
1541525,49.860000,97.760000,16,false,"ID,MY,PH,SG,TH,VN",
1545979,56.990000,112.040000,18,false,,
1550690,53.990000,86.110000,9,false,,
1551425,63.510000,91.650000,30,false,"ID,MY,PH,SG,TH,VN",
1556387,57.210000,79.290000,23,false,,
1507299,65.610000,101.210000,45,false,"ID,MY,PH,SG,TH,VN"," Menico"
1620345,54.060000,81.970000,6,false,"ID,MY,PH,SG,TH,VN",
1623904,60.360000,100.890000,27,false,"ID,MY,PH,SG,TH,VN"," Menico"
1626548,72.960000,136.020000,5,false,"ID,MY,PH,SG,TH,VN",
1629307,48.810000,95.530000,14,false,,
1635428,43.560000,86.640000,9,false,"ID,MY,PH,SG,TH,VN",
1635430,46.710000,91.090000,9,false,"ID,MY,PH,SG,TH,VN",
1011305,45.470000,90.550000,270,false,"ID,MY,PH,SG,TH,VN",
1125447,52.550000,99.150000,89,false,,
1132559,29.690000,56.020000,256,false,"ID,MY,PH,SG,TH,VN",
1094834,34.900000,73.560000,152,false,"ID,MY,PH,SG,TH,VN",
1078884,47.590000,89.790000,320,false,"ID,MY,PH,SG,TH,VN",
1078888,49.360000,94.910000,542,false,"ID,MY,PH,SG,TH,VN",
1667622,46.250000,94.350000,3,false,"ID,MY,PH,SG,TH,VN",
1686663,37.050000,74.100000,4,false,"ID,MY,PH,SG,TH,VN",
1141748,21.350000,48.130000,223,false,"ID,MY,PH,SG,TH,VN",
1553107,55.110000,80.000000,83,false,"ID,MY,PH,SG,TH,VN"," Menico"
1285818,56.160000,75.330000,55,false,"ID,MY,PH,SG,TH,VN",
1425849,68.760000,96.430000,33,false,"ID,MY,PH,SG,TH,VN",
1178867,66.660000,95.350000,230,false,"ID,MY,PH,SG,TH,VN",
1248795,51.960000,65.850000,157,false,"ID,MY,PH,SG,TH,VN",
1254019,51.960000,69.670000,81,false,"ID,MY,PH,SG,TH,VN",
1250135,49.850000,95.870000,32,false,"ID,MY,PH,SG,TH,VN",
1344837,58.260000,78.530000,66,false,"ID,MY,PH,SG,TH,VN",
1399359,66.660000,96.030000,69,false,"ID,MY,PH,SG,TH,VN",
1416728,48.810000,95.530000,130,false,"ID,MY,PH,SG,TH,VN",
1336203,55.110000,71.390000,37,false,"ID,MY,PH,SG,TH,VN",
1345367,55.110000,71.300000,85,false,"ID,MY,PH,SG,TH,VN",
1358045,61.410000,87.260000,157,false,"ID,MY,PH,SG,TH,VN",
1448385,49.860000,97.760000,164,false,"ID,MY,PH,SG,TH,VN",
1256317,70.860000,104.750000,95,false,"ID,MY,PH,SG,TH,VN",
1259266,51.990000,80.910000,57,false,"ID,MY,PH,SG,TH,VN",
1327963,56.070000,107.820000,22,false,"ID,MY,PH,SG,TH,VN",
1313572,59.840000,75.800000,59,false,"ID,MY,PH,SG,TH,VN",
1367194,68.760000,97.560000,34,false,"ID,MY,PH,SG,TH,VN",
1413590,56.990000,86.910000,15,false,"ID,MY,PH,SG,TH,VN",
1464182,51.990000,78.780000,19,false,"ID,MY,PH,SG,TH,VN",
1471754,53.990000,84.800000,25,false,"ID,MY,PH,SG,TH,VN",
1476553,57.210000,99.620000,14,false,"ID,MY,PH,SG,TH,VN",
1651290,60.360000,106.030000,15,false,"ID,MY,PH,SG,TH,VN",
1653748,66.660000,95.900000,11,false,"ID,MY,PH,SG,TH,VN",
1583206,46.990000,70.780000,10,false,"ID,MY,PH,SG,TH,VN",
1562778,37.990000,52.720000,29,false,,
1571964,48.990000,86.550000,18,false,,
1579674,60.360000,104.460000,12,false,,
1604715,56.160000,112.890000,9,false,"ID,MY,PH,SG,TH,VN",
1606902,60.360000,94.800000,8,false,"ID,MY,PH,SG,TH,VN",
1609123,45.660000,88.870000,16,false,"ID,MY,PH,SG,TH,VN",
1619850,48.850000,108.500000,12,false,,
1529060,53.990000,91.050000,10,false,"ID,MY,PH,SG,TH,VN",
1542607,56.990000,112.040000,16,false,,
1550699,50.990000,98.320000,10,false,,
1620359,62.460000,99.150000,7,false,"ID,MY,PH,SG,TH,VN",
1258762,40.090000,85.970000,46,false,"ID,MY,PH,SG,TH,VN",
1232705,61.990000,99.520000,39,false,"ID,MY,PH,SG,TH,VN",
1112077,45.710000,88.860000,145,false,"ID,MY,PH,SG,TH,VN",
1087025,39.830000,78.090000,112,false,"ID,MY,PH,SG,TH,VN",
1558825,63.990000,104.940000,27,false,,
1446557,61.990000,96.710000,18,false,"ID,MY,PH,SG,TH,VN",
1439485,48.990000,74.780000,14,false,"ID,MY,PH,SG,TH,VN",
1621674,66.660000,96.030000,11,false,"ID,MY,PH,SG,TH,VN",
1441159,58.260000,79.040000,29,false,"ID,MY,PH,SG,TH,VN",
1460460,45.990000,67.580000,27,false,"ID,MY,PH,SG,TH,VN",
1585103,55.990000,87.200000,11,false,,
1463446,40.410000,84.420000,13,false,"ID,MY,PH,SG,TH,VN",
1554626,60.360000,84.430000,18,false,"ID,MY,PH,SG,TH,VN",
1331918,52.990000,80.970000,37,false,"ID,MY,PH,SG,TH,VN",DILUODAISHU
1339573,75.060000,104.560000,92,false,"ID,MY,PH,SG,TH,VN",
1638798,62.460000,98.150000,15,false,"ID,MY,PH,SG,TH,VN"," Menico"
1642028,66.660000,114.200000,17,false,"ID,MY,PH,SG,TH,VN"," Menico"
1552254,59.310000,84.550000,17,false,"ID,MY,PH,SG,TH,VN",
1555660,44.990000,64.890000,16,false,,
1256475,61.410000,83.390000,106,false,"ID,MY,PH,SG,TH,VN",
1434794,49.860000,97.760000,52,false,"ID,MY,PH,SG,TH,VN",
1440786,58.260000,79.710000,15,false,"ID,MY,PH,SG,TH,VN",
1399356,43.820000,109.610000,181,false,"ID,MY,PH,SG,TH,VN",
1673788,29.590000,73.980000,2,false,,
1686194,36.540000,97.150000,6,false,"ID,MY,PH,SG,TH,VN",
1667626,38.960000,103.500000,9,false,"ID,MY,PH,SG,TH,VN"," Menico"
1638913,39.050000,95.530000,26,false,"ID,MY,PH,SG,TH,VN",
1669516,13.210000,41.980000,33,false,"ID,MY,PH,SG,TH,VN",
1288205,28.810000,75.010000,915,false,"ID,MY,PH,SG,TH,VN",
1546279,44.090000,81.350000,18,false,,
1476781,26.450000,68.860000,62,false,"ID,MY,PH,SG,TH,VN",
1717286,42.960000,85.920000,3,true,"ID,MY,PH,SG,TH,VN",
1714919,41.860000,83.720000,3,false,"ID,MY,PH,SG,TH,VN"," Menico"
1672948,48.750000,105.860000,20,false,"ID,MY,PH,SG,TH,VN",
1381553,46.750000,93.500000,7,false,"ID,MY,PH,SG,TH,VN",
1702017,29.990000,67.220000,6,false,"ID,MY,PH,SG,TH,VN",
1713581,41.850000,89.000000,11,false,"ID,MY,PH,SG,TH,VN",
1494801,24.120000,64.150000,178,false,"ID,MY,PH,SG,TH,VN",
1331841,31.860000,76.610000,1112,false,"ID,MY,PH,SG,TH,VN",DILUODAISHU
1554846,37.940000,94.840000,76,false,"ID,MY,PH,SG,TH,VN",
1216331,38.620000,89.380000,276,false,"ID,MY,PH,SG,TH,VN",
1530715,37.950000,105.390000,29,false,"ID,MY,PH,SG,TH,VN",
1570242,45.170000,112.920000,251,false,"ID,MY,PH,SG,TH,VN",
1536791,55.850000,120.250000,134,false,"ID,MY,PH,SG,TH,VN",
1687484,34.020000,90.500000,20,false,"ID,MY,PH,SG,TH,VN",
1530263,37.140000,103.170000,82,false,"ID,MY,PH,SG,TH,VN",
1446492,49.970000,107.980000,254,false,"ID,MY,PH,SG,TH,VN",
1381571,32.310000,80.780000,293,false,"ID,MY,PH,SG,TH,VN",
1522010,34.700000,96.390000,156,false,," Menico"
1558065,49.500000,123.750000,53,false,"ID,MY,PH,SG,TH,VN"," Menico"
1417390,9.990000,59.910000,171,false,"ID,MY,PH,SG,TH,VN",
1275777,35.440000,88.450000,369,false,"ID,MY,PH,SG,TH,VN",
1316268,20.730000,49.820000,85,false,"ID,MY,PH,SG,TH,VN",
1184578,42.560000,98.520000,110,false,"ID,MY,PH,SG,TH,VN",
1428638,36.020000,90.030000,148,false,"ID,MY,PH,SG,TH,VN",
1471349,39.220000,98.050000,65,false,"ID,MY,PH,SG,TH,VN",
1216327,60.050000,95.420000,375,false,"ID,MY,PH,SG,TH,VN",
1532697,34.580000,108.050000,252,false,"ID,MY,PH,SG,TH,VN"," Menico"
1253405,41.480000,103.830000,317,false,"ID,MY,PH,SG,TH,VN",
1570241,39.700000,99.240000,84,false,,
1418576,30.550000,76.380000,171,false,"ID,MY,PH,SG,TH,VN",
1458816,30.650000,67.760000,136,false,"ID,MY,PH,SG,TH,VN",
1310446,23.310000,57.130000,432,false,,
1505280,32.310000,100.980000,51,false,"ID,MY,PH,SG,TH,VN"," Menico"
1324993,16.940000,40.700000,102,false,"ID,MY,PH,SG,TH,VN",
1057145,21.830000,50.530000,182,false,"ID,MY,PH,SG,TH,VN",
1430145,31.680000,79.200000,61,false,"ID,MY,PH,SG,TH,VN",
1088029,36.040000,83.410000,1548,false,"ID,MY,PH,SG,TH,VN",
1285812,34.850000,86.640000,104,false,"ID,MY,PH,SG,TH,VN",
1050520,11.200000,51.820000,4833,false,"ID,MY,PH,SG,TH,VN",
1440034,25.570000,79.890000,116,false,"ID,MY,PH,SG,TH,VN",
1533353,30.170000,99.980000,30,false,"ID,MY,PH,SG,TH,VN"," Menico"
1627041,29.760000,93.000000,51,false,,
1130560,50.760000,135.410000,1268,false,"ID,MY,PH,SG,TH,VN",
1536195,50.810000,105.980000,92,false,"ID,MY,PH,SG,TH,VN",
1628998,34.850000,86.640000,25,false,,
1312266,29.740000,71.500000,283,false,"ID,MY,PH,SG,TH,VN",
1044147,24.030000,57.750000,52,false,"ID,MY,PH,SG,TH,VN",
1591465,42.780000,124.380000,111,false,,
1536793,40.390000,126.230000,50,false,"ID,MY,PH,SG,TH,VN",
1464248,27.290000,71.090000,49,false,,
1485742,29.420000,91.940000,153,false,"ID,MY,PH,SG,TH,VN",
1219547,34.120000,84.680000,257,false,"ID,MY,PH,SG,TH,VN",
1406736,36.180000,90.460000,96,false,"ID,MY,PH,SG,TH,VN",
1307449,18.340000,44.090000,172,false,,
1417954,40.390000,100.980000,31,false,,
1629354,38.610000,107.240000,10,false,"ID,MY,PH,SG,TH,VN",
1366616,38.610000,96.520000,129,false,"ID,MY,PH,SG,TH,VN",
1641699,65.610000,117.880000,24,false,"ID,MY,PH,SG,TH,VN"," Menico"
1685203,48.480000,96.960000,17,false,"ID,MY,PH,SG,TH,VN",
1665503,50.910000,99.980000,24,false,"ID,MY,PH,SG,TH,VN",
1702025,28.480000,63.290000,5,false,"ID,MY,PH,SG,TH,VN",
1628336,60.360000,101.510000,56,false,," Menico"
1648811,57.210000,87.670000,29,false,"ID,MY,PH,SG,TH,VN",
1651440,56.160000,76.900000,29,false,"ID,MY,PH,SG,TH,VN",
1686170,45.870000,101.930000,11,false,"ID,MY,PH,SG,TH,VN",
1685861,41.310000,82.620000,8,false,"ID,MY,PH,SG,TH,VN"," Menico"
1702713,38.210000,76.420000,136,false,"ID,MY,PH,SG,TH,VN",
1421099,30.300000,69.900000,124,false,"ID,MY,PH,SG,TH,VN",
1560583,52.400000,125.960000,51,false,"ID,MY,PH,SG,TH,VN"," Menico"
1074713,33.620000,84.360000,394,false,"ID,MY,PH,SG,TH,VN",
1331423,31.180000,74.930000,40,false,,
1413954,21.130000,50.750000,99,false,"ID,MY,PH,SG,TH,VN",
1420809,39.570000,98.920000,33,false,"ID,MY,PH,SG,TH,VN",
1246666,45.690000,114.430000,209,false,"ID,MY,PH,SG,TH,VN",
1185989,21.220000,49.120000,174,false,"ID,MY,PH,SG,TH,VN",
1424785,14.840000,37.110000,247,false,"ID,MY,PH,SG,TH,VN",
1358838,42.410000,71.780000,228,false,"ID,MY,PH,SG,TH,VN",
1331425,19.300000,46.400000,34,false,,
1419331,26.500000,63.680000,28,false,"ID,MY,PH,SG,TH,VN",
1416757,22.680000,56.700000,36,false,,
1286485,23.330000,68.620000,227,false,"ID,MY,PH,SG,TH,VN",
1368585,38.970000,89.210000,55,false,"ID,MY,PH,SG,TH,VN",
979098,24.310000,58.450000,515,false,"ID,MY,PH,SG,TH,VN",
1293801,39.050000,95.530000,746,false,"ID,MY,PH,SG,TH,VN",
89592,36.700000,86.580000,944,false,"ID,MY,PH,SG,TH,VN",
1331427,19.780000,47.570000,24,false,,
1649549,40.730000,99.980000,12,false,"ID,MY,PH,SG,TH,VN",
1178877,19.600000,45.410000,151,false,,
1431519,30.230000,75.590000,70,false,"ID,MY,PH,SG,TH,VN",
1014919,38.900000,95.350000,630,false,"ID,MY,PH,SG,TH,VN",
1105594,36.140000,85.350000,516,false,"ID,MY,PH,SG,TH,VN",
1041141,25.660000,61.680000,525,false,"ID,MY,PH,SG,TH,VN",
1189153,34.860000,84.950000,228,false,"ID,MY,PH,SG,TH,VN",
1420844,13.270000,33.190000,755,false,"ID,MY,PH,SG,TH,VN",
1315092,37.060000,94.200000,629,false,"ID,MY,PH,SG,TH,VN",
1454185,39.710000,97.330000,40,false,"ID,MY,PH,SG,TH,VN",
1463448,31.510000,78.780000,124,false,"ID,MY,PH,SG,TH,VN",
1147165,42.690000,98.820000,304,false,"ID,MY,PH,SG,TH,VN",
1264890,22.330000,56.280000,198,false,,
1045098,54.080000,132.680000,1930,false,"ID,MY,PH,SG,TH,VN",
1129181,18.290000,42.330000,404,false,"ID,MY,PH,SG,TH,VN",
1277038,37.580000,90.330000,41,false,"ID,MY,PH,SG,TH,VN",
1436055,37.940000,94.860000,42,false,"ID,MY,PH,SG,TH,VN",
1202581,42.240000,105.620000,107,false,"ID,MY,PH,SG,TH,VN",
1216891,32.460000,75.140000,152,false,"ID,MY,PH,SG,TH,VN",
1184971,37.080000,92.120000,188,false,"ID,MY,PH,SG,TH,VN",
1121825,17.400000,41.150000,961,false,"ID,MY,PH,SG,TH,VN",
1045096,59.670000,135.610000,49,false,"ID,MY,PH,SG,TH,VN",
1344834,32.310000,77.670000,116,false,"ID,MY,PH,SG,TH,VN",
1230015,19.070000,53.980000,141,false,"ID,MY,PH,SG,TH,VN",
1339969,18.860000,45.350000,88,false,"ID,MY,PH,SG,TH,VN",
1453453,15.780000,39.450000,206,false,"ID,MY,PH,SG,TH,VN",
1079222,34.710000,78.890000,80,false,,
1389264,31.040000,77.610000,103,false,"ID,MY,PH,SG,TH,VN",
1179034,30.790000,76.160000,529,false,"ID,MY,PH,SG,TH,VN",
1130227,42.760000,100.850000,45,false,,
1450380,12.890000,31.580000,52,false,"ID,MY,PH,SG,TH,VN",
1626578,49.130000,100.570000,25,false,"ID,MY,PH,SG,TH,VN",
1246124,35.990000,83.310000,276,false,"ID,MY,PH,SG,TH,VN",
1188217,39.140000,90.630000,98,false,,
1136370,34.560000,80.000000,1912,false,"ID,MY,PH,SG,TH,VN",
1460458,55.850000,102.790000,61,false,"ID,MY,PH,SG,TH,VN",
1657483,66.660000,100.300000,31,false,"ID,MY,PH,SG,TH,VN",
1671051,71.510000,152.150000,9,false,"ID,MY,PH,SG,TH,VN",
1715972,17.390000,77.270000,5,false,"ID,MY,PH,SG,TH,VN",
1677118,47.550000,110.430000,13,false,"ID,MY,PH,SG,TH,VN",
1629905,48.810000,95.530000,24,false,"ID,MY,PH,SG,TH,VN",
1685070,50.250000,100.500000,13,false,"ID,MY,PH,SG,TH,VN",
1643836,78.210000,115.410000,17,false,"ID,MY,PH,SG,TH,VN",
1247764,41.570000,66.660000,59,false,"ID,MY,PH,SG,TH,VN",
1044780,30.020000,72.170000,1702,false,"ID,MY,PH,SG,TH,VN",
1452817,31.190000,77.970000,25,false,,
1410600,38.590000,96.480000,113,false,"ID,MY,PH,SG,TH,VN"," Menico"
1343255,43.670000,99.970000,45,false,,
1594099,28.980000,86.250000,77,false,"ID,MY,PH,SG,TH,VN",
1599495,42.100000,105.260000,34,false,,
1525814,28.900000,76.860000,56,false,"ID,MY,PH,SG,TH,VN",
1111715,28.750000,67.800000,113,false,"ID,MY,PH,SG,TH,VN",
1221331,28.230000,67.980000,59,false,"ID,MY,PH,SG,TH,VN",
1312386,24.120000,59.110000,179,false,"ID,MY,PH,SG,TH,VN",
1423327,39.890000,97.760000,61,false,"ID,MY,PH,SG,TH,VN",
1161590,32.050000,74.180000,147,false,"ID,MY,PH,SG,TH,VN",
1257390,77.690000,151.530000,574,false,"ID,MY,PH,SG,TH,VN",
1417952,29.460000,73.650000,63,false,,
1541106,28.880000,75.190000,34,false,"ID,MY,PH,SG,TH,VN",
1252238,34.420000,86.460000,266,false,"ID,MY,PH,SG,TH,VN",
1177457,38.420000,92.360000,105,false,"ID,MY,PH,SG,TH,VN",
1157151,37.820000,87.530000,648,false,"ID,MY,PH,SG,TH,VN",
1086343,25.220000,57.320000,220,false,,
1545991,31.840000,99.520000,28,false,,
1481548,37.940000,94.860000,69,false,"ID,MY,PH,SG,TH,VN",
1513983,37.620000,117.560000,28,false,,
1253981,24.210000,65.920000,816,false,"ID,MY,PH,SG,TH,VN",
1216337,47.440000,117.650000,626,false,"ID,MY,PH,SG,TH,VN",
1199247,49.840000,115.360000,52,false,"ID,MY,PH,SG,TH,VN",
1116609,32.230000,74.620000,477,false,"ID,MY,PH,SG,TH,VN",
1082714,28.380000,65.710000,125,false,,
1085955,26.360000,62.170000,42,false,"ID,MY,PH,SG,TH,VN",
1075666,23.030000,55.370000,94,false,,
1180895,44.230000,109.800000,110,false,"ID,MY,PH,SG,TH,VN",
1373336,32.310000,80.780000,45,false,,
1199096,30.180000,75.540000,193,false,"ID,MY,PH,SG,TH,VN",
1327700,35.430000,85.160000,47,false,"ID,MY,PH,SG,TH,VN",
1308583,26.540000,65.050000,70,false,"ID,MY,PH,SG,TH,VN",
1406411,48.470000,121.180000,57,false,,
1430144,30.720000,76.800000,484,false,"ID,MY,PH,SG,TH,VN",
1626662,34.880000,109.010000,6,false,"ID,MY,PH,SG,TH,VN",
1277975,25.560000,64.620000,97,false,"ID,MY,PH,SG,TH,VN",
1224732,60.200000,144.690000,179,false,"ID,MY,PH,SG,TH,VN",
1173987,33.680000,79.450000,327,false,"ID,MY,PH,SG,TH,VN",
1125449,44.200000,104.240000,239,false,,
1067234,30.380000,69.040000,262,false,"ID,MY,PH,SG,TH,VN",
1558062,30.240000,75.610000,40,false,"ID,MY,PH,SG,TH,VN"," Menico"
1147166,32.570000,75.400000,127,false,"ID,MY,PH,SG,TH,VN",
1128352,36.290000,88.870000,414,false,"ID,MY,PH,SG,TH,VN",
1505281,26.860000,83.960000,45,false,"ID,MY,PH,SG,TH,VN"," Menico"
1277494,24.770000,52.200000,301,false,"ID,MY,PH,SG,TH,VN",
1342195,44.040000,105.850000,43,false,,
1314221,31.920000,78.220000,23,false,"ID,MY,PH,SG,TH,VN",
1362998,26.380000,64.640000,71,false,"ID,MY,PH,SG,TH,VN",
1414104,32.310000,80.780000,20,false,,
1425136,42.270000,105.690000,24,false,,
1429565,28.920000,70.850000,465,false,"ID,MY,PH,SG,TH,VN",
1546652,42.410000,87.540000,36,false,"ID,MY,PH,SG,TH,VN",
1510934,38.260000,97.600000,25,false,,
1259269,31.790000,79.980000,67,false,,
1230675,40.220000,100.220000,30,false,,
1231955,43.340000,108.030000,139,false,"ID,MY,PH,SG,TH,VN",
1183764,38.930000,92.220000,335,false,"ID,MY,PH,SG,TH,VN",
1167187,30.420000,70.420000,182,false,"ID,MY,PH,SG,TH,VN",
1178387,22.490000,52.060000,19,false,,
1151398,39.620000,91.720000,76,false,"ID,MY,PH,SG,TH,VN",
1125169,18.810000,44.370000,57,false,"ID,MY,PH,SG,TH,VN",
1401846,40.170000,100.410000,109,false,"ID,MY,PH,SG,TH,VN"," Menico"
1197595,45.490000,105.290000,162,false,,
1244072,49.030000,117.850000,256,false,"ID,MY,PH,SG,TH,VN",
1244070,10.930000,42.010000,77,false,"ID,MY,PH,SG,TH,VN",
1626331,42.780000,127.260000,14,false,"ID,MY,PH,SG,TH,VN",
1507064,39.860000,124.580000,57,false,"ID,MY,PH,SG,TH,VN",
1411619,42.780000,102.820000,125,false,"ID,MY,PH,SG,TH,VN"," Menico"
1247953,39.300000,93.970000,55,false,,
1288204,37.920000,92.930000,84,false,"ID,MY,PH,SG,TH,VN",
1208085,52.790000,110.690000,55,false,"ID,MY,PH,SG,TH,VN",
1541507,28.180000,88.050000,18,false,"ID,MY,PH,SG,TH,VN",
1413736,23.680000,59.210000,59,false,,
1389019,22.980000,55.260000,220,false,,
1567620,37.950000,98.830000,21,false,"ID,MY,PH,SG,TH,VN",
1617759,27.350000,68.380000,16,false,,
1702838,51.230000,102.460000,2,false,"ID,MY,PH,SG,TH,VN",
1634543,63.510000,113.430000,21,false,"ID,MY,PH,SG,TH,VN"," Menico"
1642602,66.660000,120.820000,25,false,"ID,MY,PH,SG,TH,VN"," Menico"
1718154,32.140000,91.840000,3,true,"ID,MY,PH,SG,TH,VN",
1673806,67.820000,135.640000,7,false,"ID,MY,PH,SG,TH,VN",
1702422,46.540000,101.420000,2,false,"ID,MY,PH,SG,TH,VN",
1626824,62.460000,76.250000,31,false,"ID,MY,PH,SG,TH,VN"," Menico"
1684434,34.330000,76.290000,10,false,"ID,MY,PH,SG,TH,VN",
1642723,64.560000,114.920000,27,false,"ID,MY,PH,SG,TH,VN",
1697234,46.990000,93.980000,6,false,"ID,MY,PH,SG,TH,VN"," Menico"
1672786,50.850000,116.790000,16,false,"ID,MY,PH,SG,TH,VN",
1629702,44.210000,138.150000,40,false,,
1281044,27.350000,65.740000,15,false,,
1246467,37.040000,87.350000,92,false,,
1159598,32.060000,74.180000,126,false,"ID,MY,PH,SG,TH,VN",
1073181,32.510000,81.100000,918,false,"ID,MY,PH,SG,TH,VN",
1463308,23.200000,56.850000,69,false,"ID,MY,PH,SG,TH,VN",
1246665,33.620000,83.710000,45,false,,
1680971,37.440000,117.000000,6,false,," Menico"
1487363,21.580000,67.420000,125,false,"ID,MY,PH,SG,TH,VN",
1195488,35.740000,82.740000,141,false,"ID,MY,PH,SG,TH,VN",
1057146,15.160000,59.460000,134,false,"ID,MY,PH,SG,TH,VN",
1167190,37.900000,87.740000,245,false,"ID,MY,PH,SG,TH,VN",
1140811,14.690000,34.010000,508,false,"ID,MY,PH,SG,TH,VN",
1440787,20.110000,48.340000,27,false,"ID,MY,PH,SG,TH,VN",
1331426,18.800000,45.200000,63,false,,
1306420,29.540000,72.380000,86,false,,
1447179,28.810000,72.010000,46,false,"ID,MY,PH,SG,TH,VN",
1449816,36.640000,88.080000,33,false,,
1352500,41.500000,99.760000,58,false,,
1409977,38.340000,100.950000,136,false,"ID,MY,PH,SG,TH,VN"," Menico"
1580579,45.210000,137.810000,15,false,,
1530934,39.950000,104.030000,17,false,,
1626330,35.320000,93.930000,5,false,"ID,MY,PH,SG,TH,VN",
1626577,38.740000,121.050000,11,false,"ID,MY,PH,SG,TH,VN",
1263869,23.650000,56.840000,123,false,,
1210039,34.820000,82.130000,67,false,,
1233088,65.010000,156.270000,100,false,"ID,MY,PH,SG,TH,VN",
1196888,46.540000,116.770000,159,false,"ID,MY,PH,SG,TH,VN",
1199697,36.150000,85.260000,89,false,,
1176660,37.400000,86.580000,65,false,,
1112810,18.830000,39.310000,387,false,"ID,MY,PH,SG,TH,VN",
1113572,29.100000,66.110000,135,false,"ID,MY,PH,SG,TH,VN",
1116634,36.810000,85.310000,188,false,"ID,MY,PH,SG,TH,VN",
1074719,27.740000,64.220000,254,false,"ID,MY,PH,SG,TH,VN",
1075667,23.030000,53.310000,18,false,,
1397887,22.580000,56.460000,24,false,,
1231957,43.030000,107.250000,123,false,,
1214296,42.300000,99.800000,314,false,"ID,MY,PH,SG,TH,VN",
1177308,47.260000,114.380000,186,false,"ID,MY,PH,SG,TH,VN",
1186528,35.350000,87.680000,89,false,"ID,MY,PH,SG,TH,VN",
1528628,18.010000,58.710000,26,false,,
1131323,28.500000,67.210000,150,false,"ID,MY,PH,SG,TH,VN",
1443953,42.100000,103.170000,39,false,,
1417395,42.100000,105.260000,71,false,"ID,MY,PH,SG,TH,VN",
1423324,35.330000,88.310000,30,false,,
1490124,19.780000,61.840000,23,false,"ID,MY,PH,SG,TH,VN",
1209982,30.540000,75.620000,48,false,,
1213274,27.360000,64.580000,75,false,"ID,MY,PH,SG,TH,VN",
1185356,23.790000,57.870000,32,false,,
1189393,17.740000,42.570000,170,false,"ID,MY,PH,SG,TH,VN",
1152956,15.330000,35.470000,60,false,"ID,MY,PH,SG,TH,VN",
1130945,18.140000,42.780000,203,false,"ID,MY,PH,SG,TH,VN",
1072191,35.300000,81.710000,145,false,"ID,MY,PH,SG,TH,VN",
1683164,39.720000,103.500000,6,false,," Menico"
926098,23.720000,57.010000,48,false,"ID,MY,PH,SG,TH,VN",
1116608,33.460000,77.490000,425,false,"ID,MY,PH,SG,TH,VN",
1205672,21.300000,77.480000,144,false,"ID,MY,PH,SG,TH,VN",
1514919,47.450000,84.910000,32,false,"ID,MY,PH,SG,TH,VN",
1175593,41.170000,95.290000,97,false,"ID,MY,PH,SG,TH,VN",
1072713,23.110000,65.430000,147,false,"ID,MY,PH,SG,TH,VN",
1374709,15.110000,44.450000,63,false,"ID,MY,PH,SG,TH,VN",
1044313,28.960000,65.810000,993,false,"ID,MY,PH,SG,TH,VN",
1285381,20.100000,78.790000,217,false,"ID,MY,PH,SG,TH,VN",
994490,27.740000,64.230000,69,false,,
1537408,41.570000,65.020000,45,false,,
1312884,23.980000,58.770000,28,false,"ID,MY,PH,SG,TH,VN",
1454171,42.740000,106.840000,23,false,"ID,MY,PH,SG,TH,VN",
1344006,20.000000,49.010000,174,false,,
1352049,33.310000,80.080000,90,false,,
1434848,46.700000,114.260000,65,false,"ID,MY,PH,SG,TH,VN",
1471348,25.570000,63.910000,33,false,,
1626459,35.200000,109.990000,7,false,"ID,MY,PH,SG,TH,VN",
1189152,42.640000,105.080000,149,false,,
1189158,31.370000,107.360000,160,false,,
1162032,65.510000,151.780000,267,false,"ID,MY,PH,SG,TH,VN",
1168658,43.790000,108.810000,302,false,,
1175508,39.880000,97.920000,204,false,,
1105603,46.970000,117.630000,483,false,"ID,MY,PH,SG,TH,VN",
1036732,34.100000,78.950000,242,false,"ID,MY,PH,SG,TH,VN",
1180638,38.880000,90.030000,185,false,"ID,MY,PH,SG,TH,VN",
1424526,19.800000,48.480000,64,false,"ID,MY,PH,SG,TH,VN",
1410599,38.260000,95.670000,56,false,"ID,MY,PH,SG,TH,VN"," Menico"
1185990,44.470000,102.950000,314,false,"ID,MY,PH,SG,TH,VN",
1484419,32.330000,84.420000,51,false,"ID,MY,PH,SG,TH,VN",
1565264,25.510000,65.090000,12,false,"ID,MY,PH,SG,TH,VN",
1124780,41.710000,96.560000,283,false,"ID,MY,PH,SG,TH,VN",
995319,16.440000,60.880000,205,false,"ID,MY,PH,SG,TH,VN",
1312881,19.290000,55.640000,31,false,,
1268972,33.850000,81.360000,59,false,,
1324989,18.460000,45.250000,31,false,"ID,MY,PH,SG,TH,VN",
1330701,11.760000,29.390000,15,false,,
1312389,33.560000,82.240000,179,false,,
1446613,28.460000,71.140000,114,false,"ID,MY,PH,SG,TH,VN",
1669856,41.720000,87.980000,19,false,"ID,MY,PH,SG,TH,VN"," Menico"
1714477,44.320000,107.380000,2,false,"ID,MY,PH,SG,TH,VN",
1656791,70.990000,117.760000,12,false,"ID,MY,PH,SG,TH,VN",
1684543,53.790000,107.580000,200,false,"ID,MY,PH,SG,TH,VN",
1598609,43.420000,109.500000,983,false,"ID,MY,PH,SG,TH,VN"," Menico"
1424786,14.360000,35.900000,56,false,,
1433100,32.150000,78.780000,8,false,,
1604771,28.690000,85.350000,15,false,,
1533323,29.210000,77.680000,75,false,"ID,MY,PH,SG,TH,VN",
1629356,32.310000,100.980000,7,false,,
1246118,42.140000,101.300000,90,false,"ID,MY,PH,SG,TH,VN",
1045099,50.870000,117.760000,76,false,"ID,MY,PH,SG,TH,VN",
1049958,21.180000,49.940000,54,false,,
1246941,34.950000,86.840000,64,false,,
1591459,34.880000,87.200000,10,false,"ID,MY,PH,SG,TH,VN",
1045003,20.570000,74.790000,42,false,"ID,MY,PH,SG,TH,VN",
1484420,31.680000,99.010000,23,false,,
1153422,39.660000,92.610000,613,false,"ID,MY,PH,SG,TH,VN",
1453450,55.010000,107.980000,238,false,"ID,MY,PH,SG,TH,VN",
1589227,47.450000,83.290000,43,false,"ID,MY,PH,SG,TH,VN",
1316474,41.310000,99.310000,53,false,"ID,MY,PH,SG,TH,VN",
1442058,41.780000,104.450000,26,false,,
1443952,13.700000,33.560000,77,false,"ID,MY,PH,SG,TH,VN",
1420549,20.000000,49.010000,49,false,,
1424787,21.710000,54.280000,63,false,"ID,MY,PH,SG,TH,VN",
1429586,35.540000,88.840000,64,false,,
1522012,40.030000,102.110000,28,false,"ID,MY,PH,SG,TH,VN",
1627670,27.180000,84.940000,9,false,"ID,MY,PH,SG,TH,VN",
1267504,41.200000,99.030000,255,false,"ID,MY,PH,SG,TH,VN",
1241057,48.790000,94.740000,40,false,"ID,MY,PH,SG,TH,VN",
1259329,37.270000,89.600000,72,false,,
1206427,36.140000,85.320000,56,false,,
1128357,36.700000,86.080000,329,false,"ID,MY,PH,SG,TH,VN",
1119513,22.310000,52.610000,139,false,"ID,MY,PH,SG,TH,VN",
1091175,19.970000,52.000000,932,false,,
1064712,18.310000,44.880000,140,false,,
1079268,23.110000,52.510000,295,false,,
1049942,20.330000,46.210000,93,false,"ID,MY,PH,SG,TH,VN",
1053716,22.520000,54.140000,208,false,"ID,MY,PH,SG,TH,VN",
1193682,41.000000,94.910000,116,false,,
1273926,29.500000,70.910000,172,false,"ID,MY,PH,SG,TH,VN",
1351240,20.320000,49.800000,186,false,"ID,MY,PH,SG,TH,VN",
1044314,27.540000,63.750000,262,false,,
1571965,34.220000,92.980000,24,false,"ID,MY,PH,SG,TH,VN",
1516228,26.070000,76.660000,9,false,,
1255628,46.720000,117.080000,67,false,,
1259264,41.730000,103.880000,72,false,,
1264922,32.330000,84.420000,147,false,"ID,MY,PH,SG,TH,VN",
1275002,26.990000,70.690000,291,false,"ID,MY,PH,SG,TH,VN",
1146703,33.900000,78.490000,336,false,"ID,MY,PH,SG,TH,VN",
1154419,18.860000,43.680000,375,false,"ID,MY,PH,SG,TH,VN",
1325576,28.160000,70.020000,26,false,,
1311001,26.660000,64.070000,68,false,"ID,MY,PH,SG,TH,VN",
1317360,18.810000,45.220000,49,false,,
1340365,19.830000,47.660000,8,false,,
1416734,40.030000,96.210000,20,false,"ID,MY,PH,SG,TH,VN",
1427798,34.980000,87.470000,38,false,"ID,MY,PH,SG,TH,VN",
1431516,26.380000,65.930000,76,false,,
1436059,27.340000,68.340000,32,false,,
1479199,34.090000,85.220000,26,false,,
1540215,38.900000,121.580000,40,false,"ID,MY,PH,SG,TH,VN",
1540984,27.010000,84.420000,38,false,,
1488806,25.690000,65.520000,24,false,"ID,MY,PH,SG,TH,VN",
1263825,41.870000,104.650000,13,false,,
1266528,39.210000,97.370000,37,false,,
1243179,44.860000,112.450000,251,false,"ID,MY,PH,SG,TH,VN",
1214391,30.080000,74.630000,49,false,,
1180493,32.210000,80.020000,163,false,"ID,MY,PH,SG,TH,VN",
1182945,47.140000,109.120000,168,false,,
1189069,59.540000,147.530000,99,false,,
1189696,42.510000,98.400000,253,false,,
1193386,23.060000,53.360000,139,false,"ID,MY,PH,SG,TH,VN",
1160604,19.240000,44.530000,88,false,"ID,MY,PH,SG,TH,VN",
1163490,24.020000,55.620000,149,false,,
1174466,40.460000,93.660000,102,false,,
1179617,42.180000,97.640000,94,false,,
1140814,28.190000,65.260000,71,false,"ID,MY,PH,SG,TH,VN",
1153961,19.960000,48.070000,169,false,,
1158750,25.740000,59.560000,42,false,,
1125667,35.540000,82.260000,123,false,"ID,MY,PH,SG,TH,VN",
1126808,23.590000,57.310000,359,false,,
1084349,32.120000,75.750000,267,false,"ID,MY,PH,SG,TH,VN",
1072601,22.220000,57.860000,446,false,"ID,MY,PH,SG,TH,VN",
1072714,23.140000,56.680000,406,false,"ID,MY,PH,SG,TH,VN",
928416,42.850000,101.070000,114,false,"ID,MY,PH,SG,TH,VN",
1330702,24.150000,59.190000,122,false,"ID,MY,PH,SG,TH,VN",
1159599,40.770000,94.370000,168,false,"ID,MY,PH,SG,TH,VN",
1579670,46.610000,90.440000,56,false,"ID,MY,PH,SG,TH,VN",
1044310,20.000000,48.090000,109,false,"ID,MY,PH,SG,TH,VN",
1256801,35.660000,88.940000,190,false,,
1443253,46.980000,115.140000,37,false,,
1301185,29.540000,72.380000,480,false,"ID,MY,PH,SG,TH,VN",
1310351,39.050000,85.530000,61,false,,
1173834,25.780000,103.430000,86,false,"ID,MY,PH,SG,TH,VN",
1192450,40.970000,101.360000,463,false,"ID,MY,PH,SG,TH,VN",
1264923,32.000000,76.910000,55,false,"ID,MY,PH,SG,TH,VN",
1227167,31.640000,76.060000,50,false,,
1406737,29.590000,73.970000,31,false,,
1604719,42.780000,116.150000,35,false,,
1138233,34.360000,79.530000,237,false,"ID,MY,PH,SG,TH,VN",
1152253,37.500000,86.820000,182,false,"ID,MY,PH,SG,TH,VN",
1155397,34.960000,80.930000,716,false,"ID,MY,PH,SG,TH,VN",
1157149,37.080000,85.830000,453,false,"ID,MY,PH,SG,TH,VN",
1176256,36.700000,84.970000,187,false,"ID,MY,PH,SG,TH,VN",
1126485,29.900000,75.450000,215,false,"ID,MY,PH,SG,TH,VN",
1505282,32.140000,99.970000,38,false,"ID,MY,PH,SG,TH,VN"," Menico"
1097853,30.600000,77.540000,197,false,"ID,MY,PH,SG,TH,VN",
1330705,32.230000,78.380000,59,false,"ID,MY,PH,SG,TH,VN",
1316472,42.870000,103.060000,55,false,"ID,MY,PH,SG,TH,VN",
1440785,28.920000,70.850000,32,false,,
1452814,38.260000,95.670000,42,false,"ID,MY,PH,SG,TH,VN",
1401193,41.990000,77.460000,21,false,,
1409976,32.940000,79.180000,29,false,"ID,MY,PH,SG,TH,VN",
1415892,40.790000,78.130000,19,false,,
1416754,41.590000,79.570000,25,false,,
1423902,28.100000,70.260000,44,false,"ID,MY,PH,SG,TH,VN",
1651418,51.960000,78.290000,22,false,"ID,MY,PH,SG,TH,VN",
1657391,56.160000,77.290000,20,false,"ID,MY,PH,SG,TH,VN",
1722292,45.920000,91.840000,4,true,"ID,MY,PH,SG,TH,VN",
1671034,44.370000,88.740000,14,false,"ID,MY,PH,SG,TH,VN",
1677116,47.350000,101.000000,10,false,"ID,MY,PH,SG,TH,VN",
1701934,45.900000,91.800000,1,false,"ID,MY,PH,SG,TH,VN",
1459648,52.110000,113.980000,2025,false,"ID,MY,PH,SG,TH,VN",
1629488,53.010000,88.690000,12,false,"ID,MY,PH,SG,TH,VN"," Menico"
1710699,32.300000,64.600000,124,false,"ID,MY,PH,SG,TH,VN",
1703018,34.610000,76.910000,3,false,"ID,MY,PH,SG,TH,VN",
1431518,27.350000,68.380000,39,false,"ID,MY,PH,SG,TH,VN",
1436762,40.230000,96.710000,16,false,,
1589228,23.020000,57.550000,27,false,"ID,MY,PH,SG,TH,VN",
1593140,34.580000,98.220000,31,false,,
1530932,18.580000,49.400000,28,false,"ID,MY,PH,SG,TH,VN",
1551441,33.920000,88.320000,18,false,,
1554171,32.090000,83.550000,25,false,,
1488811,39.060000,95.750000,14,false,"ID,MY,PH,SG,TH,VN",
1629306,30.660000,85.190000,9,false,,
1263820,33.790000,84.750000,45,false,,
1263827,36.860000,91.620000,139,false,,
1272340,27.820000,66.870000,21,false,,
1277036,31.500000,75.730000,34,false,"ID,MY,PH,SG,TH,VN",
1282583,42.630000,104.480000,27,false,,
1285383,31.130000,74.810000,154,false,,
1253404,33.520000,80.580000,49,false,"ID,MY,PH,SG,TH,VN",
1208081,24.660000,61.280000,129,false,,
1212796,62.520000,132.890000,110,false,,
1212799,52.140000,122.970000,139,false,,
1221202,60.000000,150.020000,147,false,"ID,MY,PH,SG,TH,VN",
1222124,38.890000,96.740000,18,false,"ID,MY,PH,SG,TH,VN",
1229956,41.780000,104.280000,53,false,,
1187083,50.790000,117.570000,111,false,,
1187867,33.420000,77.390000,181,false,"ID,MY,PH,SG,TH,VN",
1189068,59.220000,146.790000,143,false,,
1193681,35.890000,83.090000,107,false,,
1199094,38.190000,94.590000,72,false,"ID,MY,PH,SG,TH,VN",
1179272,46.100000,114.200000,246,false,"ID,MY,PH,SG,TH,VN",
1142394,36.460000,84.390000,190,false,"ID,MY,PH,SG,TH,VN",
1153418,40.380000,93.450000,341,false,,
1153419,19.590000,45.360000,172,false,"ID,MY,PH,SG,TH,VN",
1125666,34.420000,84.160000,120,false,,
1132561,20.880000,48.330000,282,false,"ID,MY,PH,SG,TH,VN",
1108849,24.120000,55.820000,72,false,,
1117744,26.940000,63.540000,74,false,,
1119760,26.450000,62.370000,44,false,,
1072711,25.390000,59.890000,233,false,"ID,MY,PH,SG,TH,VN",
1045006,36.180000,88.690000,57,false,"ID,MY,PH,SG,TH,VN",
1162027,20.460000,48.280000,99,false,"ID,MY,PH,SG,TH,VN",
1119514,20.740000,48.000000,42,false,,
1355692,25.410000,61.080000,31,false,,
1244071,42.230000,101.520000,56,false,,
1433099,26.860000,65.840000,68,false,"ID,MY,PH,SG,TH,VN",
1079269,31.970000,73.990000,668,false,"ID,MY,PH,SG,TH,VN",
1406410,23.680000,59.210000,35,false,"ID,MY,PH,SG,TH,VN",
1642429,35.690000,88.860000,10,false,"ID,MY,PH,SG,TH,VN",
1203559,41.460000,97.780000,143,false,"ID,MY,PH,SG,TH,VN",
1428628,17.740000,63.270000,53,false,"ID,MY,PH,SG,TH,VN",
1281963,41.490000,99.740000,218,false,"ID,MY,PH,SG,TH,VN",
1152527,38.370000,88.820000,316,false,"ID,MY,PH,SG,TH,VN",
1233326,42.850000,106.360000,120,false,,
1594134,37.890000,99.980000,15,false,"ID,MY,PH,SG,TH,VN",
1581400,11.810000,47.230000,23,false,,
1302054,33.440000,80.400000,42,false,"ID,MY,PH,SG,TH,VN",
1306351,27.140000,65.250000,23,false,"ID,MY,PH,SG,TH,VN",
1312769,27.330000,65.690000,17,false,"ID,MY,PH,SG,TH,VN",
1312883,21.650000,53.050000,35,false,,
1316881,40.320000,96.920000,113,false,"ID,MY,PH,SG,TH,VN",
1373468,35.020000,85.850000,18,false,,
1443954,23.260000,55.910000,48,false,,
1450907,21.620000,52.970000,30,false,,
1454172,30.360000,75.890000,9,false,,
1457685,28.460000,71.140000,13,false,,
1346023,29.070000,71.250000,102,false,"ID,MY,PH,SG,TH,VN",
1387069,33.780000,84.440000,16,false,"ID,MY,PH,SG,TH,VN",
1427797,19.940000,49.850000,29,false,,
1585431,26.460000,82.670000,9,false,,
1542603,34.880000,109.010000,11,false,"ID,MY,PH,SG,TH,VN",
1558826,34.420000,89.610000,20,false,"ID,MY,PH,SG,TH,VN",
1487364,24.050000,75.140000,24,false,,
1627671,30.810000,102.480000,43,false,"ID,MY,PH,SG,TH,VN",
1628329,33.920000,106.000000,6,false,,
1628337,44.930000,83.410000,7,false,,
1263846,21.370000,55.940000,50,false,,
1282581,31.920000,76.720000,66,false,"ID,MY,PH,SG,TH,VN",
1288209,37.940000,92.970000,113,false,,
1298286,22.980000,55.260000,89,false,,
1245410,37.340000,93.290000,68,false,,
1248794,60.130000,144.550000,123,false,"ID,MY,PH,SG,TH,VN",
1254605,27.700000,66.600000,40,false,,
1255895,60.260000,151.160000,83,false,"ID,MY,PH,SG,TH,VN",
1256728,23.840000,57.300000,66,false,,
1257840,34.520000,82.970000,27,false,,
1257845,27.520000,66.140000,65,false,,
1203563,39.830000,93.950000,128,false,"ID,MY,PH,SG,TH,VN",
1226756,66.210000,159.160000,126,false,"ID,MY,PH,SG,TH,VN",
1230012,65.320000,157.020000,131,false,"ID,MY,PH,SG,TH,VN",
1233769,45.570000,113.830000,59,false,"ID,MY,PH,SG,TH,VN",
1185349,24.120000,57.200000,130,false,,
1185363,48.020000,120.870000,64,false,,
1161589,16.610000,40.310000,331,false,"ID,MY,PH,SG,TH,VN",
1175504,35.210000,86.630000,83,false,"ID,MY,PH,SG,TH,VN",
1006897,20.860000,47.390000,110,false,,
994489,30.780000,72.590000,501,false,"ID,MY,PH,SG,TH,VN",
1150287,37.580000,88.170000,94,false,,
1152955,36.610000,84.740000,183,false,"ID,MY,PH,SG,TH,VN",
1126199,34.850000,82.190000,146,false,"ID,MY,PH,SG,TH,VN",
1103088,21.980000,51.840000,337,false,"ID,MY,PH,SG,TH,VN",
1107188,22.100000,50.220000,202,false,"ID,MY,PH,SG,TH,VN",
1108030,35.030000,79.630000,67,false,"ID,MY,PH,SG,TH,VN",
1111999,41.500000,97.880000,160,false,"ID,MY,PH,SG,TH,VN",
1070690,35.860000,83.010000,127,false,"ID,MY,PH,SG,TH,VN",
1072099,39.840000,86.440000,154,false,"ID,MY,PH,SG,TH,VN",
1078545,21.440000,49.620000,142,false,,
1078889,40.030000,98.110000,229,false,"ID,MY,PH,SG,TH,VN",
1079220,30.860000,70.130000,59,false,,
1045007,42.820000,102.940000,190,false,"ID,MY,PH,SG,TH,VN",
1045101,58.560000,140.770000,238,false,"ID,MY,PH,SG,TH,VN",
1021759,53.160000,120.820000,73,false,,
1323886,38.390000,92.280000,80,false,,
1547624,17.340000,54.190000,39,false,,
1045538,16.020000,37.080000,194,false,"ID,MY,PH,SG,TH,VN",
1416737,40.360000,97.010000,135,false,"ID,MY,PH,SG,TH,VN",
1067227,25.910000,61.110000,292,false,"ID,MY,PH,SG,TH,VN",
1507069,28.560000,89.260000,38,false,"ID,MY,PH,SG,TH,VN",
1315640,36.460000,87.640000,117,false,,
1457682,31.820000,79.570000,36,false,,
1081927,24.380000,56.460000,301,false,"ID,MY,PH,SG,TH,VN",
1252656,46.790000,112.470000,70,false,,
1440031,27.340000,68.340000,16,false,"ID,MY,PH,SG,TH,VN",
1082343,22.490000,53.040000,87,false,,
1164856,31.070000,87.960000,478,false,"ID,MY,PH,SG,TH,VN",
1196990,42.100000,97.490000,63,false,,
1542606,35.850000,112.040000,14,false,,
1130228,40.460000,95.410000,210,false,"ID,MY,PH,SG,TH,VN",
1160605,46.220000,106.990000,141,false,"ID,MY,PH,SG,TH,VN",
1175506,40.620000,101.470000,59,false,"ID,MY,PH,SG,TH,VN",
1334351,27.120000,65.190000,182,false,"ID,MY,PH,SG,TH,VN",
1339974,20.660000,49.660000,71,false,"ID,MY,PH,SG,TH,VN",
1353660,39.860000,101.680000,63,false,"ID,MY,PH,SG,TH,VN",
1255021,29.300000,70.430000,118,false,,
1152525,39.660000,91.810000,681,false,"ID,MY,PH,SG,TH,VN",
1156619,40.020000,92.640000,320,false,"ID,MY,PH,SG,TH,VN",
1688138,49.350000,107.280000,10,false,"ID,MY,PH,SG,TH,VN",
1668302,51.920000,111.980000,16,false,"ID,MY,PH,SG,TH,VN"," Menico"
1700136,41.980000,93.290000,1,false,"ID,MY,PH,SG,TH,VN",
1610526,39.990000,92.980000,17,false,"ID,MY,PH,SG,TH,VN",
1701268,35.250000,78.330000,2,false,"ID,MY,PH,SG,TH,VN",
1702442,48.500000,105.560000,1,false,"ID,MY,PH,SG,TH,VN",
1668306,52.420000,107.980000,12,false,"ID,MY,PH,SG,TH,VN"," Menico"
1662121,64.560000,94.990000,16,false,"ID,MY,PH,SG,TH,VN"," Menico"
1399624,29.780000,70.160000,37,false,,
1328381,29.860000,73.170000,15,false,,
1337473,26.540000,65.050000,21,false,,
1339538,43.990000,84.060000,22,false,,
1307574,25.010000,61.300000,35,false,"ID,MY,PH,SG,TH,VN",
1312772,20.420000,49.110000,71,false,"ID,MY,PH,SG,TH,VN",
1365349,39.390000,96.540000,42,false,,
1366078,32.310000,80.780000,34,false,,
1368756,38.280000,95.710000,23,false,,
1371283,41.980000,104.940000,44,false,,
1440030,42.760000,106.900000,35,false,,
1345861,23.200000,56.850000,22,false,,
1347070,23.850000,58.440000,23,false,,
1347863,22.500000,55.150000,63,false,"ID,MY,PH,SG,TH,VN",
1358831,28.850000,72.110000,65,false,,
1383411,23.200000,57.990000,48,false,,
1425851,22.340000,53.700000,25,false,"ID,MY,PH,SG,TH,VN",
1434851,54.500000,131.010000,47,false,,
1471347,40.730000,89.980000,26,false,,
1474500,27.020000,66.240000,15,false,,
1476785,20.430000,50.080000,10,false,,
1540985,21.070000,65.850000,27,false,"ID,MY,PH,SG,TH,VN",
1554170,51.230000,86.870000,15,false,,
1299903,39.990000,74.950000,31,false,,
1288208,30.420000,73.120000,31,false,,
1290865,23.890000,58.540000,19,false,,
1244652,39.340000,94.560000,11,false,,
1246099,46.070000,115.260000,28,false,,
1251630,62.410000,156.350000,95,false,"ID,MY,PH,SG,TH,VN",
1254633,22.570000,59.400000,22,false,,
1256962,42.420000,101.970000,21,false,,
1259151,38.290000,95.470000,50,false,,
1259267,35.580000,88.290000,108,false,"ID,MY,PH,SG,TH,VN",
1208084,15.920000,39.580000,105,false,,
1221201,66.100000,166.920000,57,false,,
1227896,40.690000,101.300000,90,false,"ID,MY,PH,SG,TH,VN",
1194205,37.530000,88.530000,112,false,"ID,MY,PH,SG,TH,VN",
1198789,37.440000,92.730000,165,false,"ID,MY,PH,SG,TH,VN",
1175936,32.070000,76.650000,161,false,,
1176255,53.780000,124.490000,15,false,,
992224,40.570000,95.680000,240,false,"ID,MY,PH,SG,TH,VN",
1147507,29.890000,69.170000,21,false,,
1120120,17.550000,41.370000,100,false,"ID,MY,PH,SG,TH,VN",
1126806,31.080000,73.310000,57,false,"ID,MY,PH,SG,TH,VN",
1105525,37.020000,85.700000,61,false,"ID,MY,PH,SG,TH,VN",
1112078,24.740000,62.190000,165,false,,
1112568,22.260000,50.780000,34,false,,
1080439,44.440000,106.820000,119,false,,
1086701,19.570000,44.470000,246,false,"ID,MY,PH,SG,TH,VN",
1067226,30.480000,74.700000,424,false,"ID,MY,PH,SG,TH,VN",
1072195,24.780000,59.570000,108,false,,
1073185,32.500000,73.850000,605,false,"ID,MY,PH,SG,TH,VN",
1044144,33.550000,77.650000,79,false,"ID,MY,PH,SG,TH,VN",
1044508,32.310000,76.200000,481,false,"ID,MY,PH,SG,TH,VN",
1058782,25.010000,61.310000,89,false,"ID,MY,PH,SG,TH,VN",
1185360,48.540000,120.230000,45,false,,
1168426,24.750000,62.330000,109,false,"ID,MY,PH,SG,TH,VN",
1696598,50.520000,137.280000,7,false,,
1566118,28.180000,70.440000,15,false,,
1375932,26.300000,63.220000,20,false,,
1071378,26.740000,60.770000,74,false,,
1314818,19.150000,46.040000,54,false,,
1074717,34.410000,84.340000,81,false,,
1625626,35.540000,98.730000,3,false,"ID,MY,PH,SG,TH,VN",
1277540,20.970000,48.530000,21,false,,
1436451,30.540000,82.970000,8,false,"ID,MY,PH,SG,TH,VN",
1193384,35.370000,81.870000,160,false,"ID,MY,PH,SG,TH,VN",
1246097,34.850000,86.430000,141,false,"ID,MY,PH,SG,TH,VN",
1252235,26.680000,80.720000,22,false,,
1162026,43.070000,99.690000,195,false,,
1294357,39.820000,97.590000,110,false,"ID,MY,PH,SG,TH,VN",
1135550,18.280000,42.300000,116,false,"ID,MY,PH,SG,TH,VN",
1191966,33.060000,82.270000,76,false,,
1539212,45.590000,91.840000,8,false,"ID,MY,PH,SG,TH,VN",
1596970,33.170000,86.640000,17,false,"ID,MY,PH,SG,TH,VN",
1050499,19.120000,46.840000,68,false,,
1173999,36.930000,85.480000,143,false,"ID,MY,PH,SG,TH,VN",
1337777,17.420000,42.690000,36,false,"ID,MY,PH,SG,TH,VN",
1321524,19.570000,47.050000,253,false,,
1333122,36.270000,92.900000,25,false,,
1337776,27.900000,64.590000,28,false,"ID,MY,PH,SG,TH,VN",
1303797,32.240000,77.500000,64,false,,
1366619,40.390000,100.980000,30,false,"ID,MY,PH,SG,TH,VN",
1374085,32.200000,78.910000,9,false,,
1442060,48.790000,98.480000,5,false,,
1341588,20.160000,48.460000,32,false,"ID,MY,PH,SG,TH,VN",
1411618,37.780000,90.800000,35,false,"ID,MY,PH,SG,TH,VN"," Menico"
1381046,32.310000,80.780000,25,false,"ID,MY,PH,SG,TH,VN",
1431517,26.860000,67.170000,59,false,"ID,MY,PH,SG,TH,VN",
1594092,45.170000,112.920000,20,false,,
1263826,36.680000,91.610000,114,false,"ID,MY,PH,SG,TH,VN",
1273570,27.830000,66.910000,69,false,"ID,MY,PH,SG,TH,VN",
1290864,44.790000,84.000000,53,false,,
1248405,51.990000,124.990000,53,false,"ID,MY,PH,SG,TH,VN",
1255019,52.860000,127.060000,99,false,,
1256796,56.030000,141.520000,70,false,,
1207810,54.140000,135.290000,46,false,,
1208165,63.830000,158.250000,49,false,,
1219741,50.150000,124.660000,86,false,,
1230695,29.900000,71.870000,93,false,"ID,MY,PH,SG,TH,VN",
1180633,41.260000,102.360000,55,false,"ID,MY,PH,SG,TH,VN",
1189694,25.280000,58.520000,71,false,,
1189698,49.090000,120.480000,62,false,,
1191262,30.640000,70.950000,104,false,,
1192449,46.940000,115.900000,73,false,,
1192452,44.300000,110.410000,191,false,"ID,MY,PH,SG,TH,VN",
1196989,37.190000,87.720000,381,false,"ID,MY,PH,SG,TH,VN",
1170482,22.620000,53.350000,150,false,"ID,MY,PH,SG,TH,VN",
1001273,25.060000,56.940000,109,false,,
1143316,30.020000,69.500000,354,false,"ID,MY,PH,SG,TH,VN",
1130562,40.430000,95.360000,38,false,,
1132883,34.850000,80.710000,114,false,"ID,MY,PH,SG,TH,VN",
1067229,23.060000,53.370000,224,false,"ID,MY,PH,SG,TH,VN",
1072096,34.360000,79.530000,188,false,"ID,MY,PH,SG,TH,VN",
1073471,27.980000,63.560000,115,false,"ID,MY,PH,SG,TH,VN",
1053469,26.460000,68.250000,143,false,,
1368746,17.900000,43.020000,45,false,,
1421101,24.040000,58.910000,22,false,"ID,MY,PH,SG,TH,VN",
1288245,22.830000,54.890000,17,false,,
1417394,40.390000,100.980000,13,false,"ID,MY,PH,SG,TH,VN",
1312880,22.540000,55.230000,23,false,"ID,MY,PH,SG,TH,VN",
1147943,17.600000,40.730000,98,false,"ID,MY,PH,SG,TH,VN",
1118321,20.380000,48.080000,84,false,,
1360697,29.780000,37.220000,14,false,,
1263824,23.470000,58.900000,29,false,,
1111716,52.470000,123.740000,167,false,"ID,MY,PH,SG,TH,VN",
1263833,64.380000,161.490000,68,false,,
1264680,39.790000,95.650000,58,false,,
1407519,43.410000,108.510000,59,false,,
1071375,28.280000,65.470000,44,false,,
1408181,42.590000,102.370000,85,false,"ID,MY,PH,SG,TH,VN"," Menico"
1678772,48.480000,96.960000,64,false,"ID,MY,PH,SG,TH,VN",
1641820,41.990000,86.640000,121,false,"ID,MY,PH,SG,TH,VN"," Menico"
1630145,44.930000,88.870000,200,false,"ID,MY,PH,SG,TH,VN"," Menico"
1657800,65.610000,95.040000,68,false,"ID,MY,PH,SG,TH,VN",
1677748,45.040000,108.780000,50,false,"ID,MY,PH,SG,TH,VN",
1366617,39.990000,107.980000,312,false,"ID,MY,PH,SG,TH,VN",
1560325,42.940000,101.980000,208,false,"ID,MY,PH,SG,TH,VN",
1656732,44.930000,99.930000,171,false,"ID,MY,PH,SG,TH,VN",
1702929,39.890000,88.650000,28,false,"ID,MY,PH,SG,TH,VN",
1707775,25.200000,50.400000,25,false,"ID,MY,PH,SG,TH,VN",
1684994,41.210000,96.960000,58,false,"ID,MY,PH,SG,TH,VN",
1681051,33.660000,99.000000,112,false,"ID,MY,PH,SG,TH,VN"," Menico"
1629489,51.990000,129.960000,216,false,"ID,MY,PH,SG,TH,VN"," Menico"
1688023,52.990000,108.780000,42,false,"ID,MY,PH,SG,TH,VN",
1672947,53.810000,114.220000,40,false,"ID,MY,PH,SG,TH,VN",
1685293,48.060000,120.150000,70,false,"ID,MY,PH,SG,TH,VN"," Menico"
1667620,56.690000,80.970000,15,false,"ID,MY,PH,SG,TH,VN",
1700103,48.710000,108.240000,6,false,"ID,MY,PH,SG,TH,VN",
1656887,65.610000,94.300000,17,false,"ID,MY,PH,SG,TH,VN"," Menico"
1648903,44.610000,88.860000,20,false,"ID,MY,PH,SG,TH,VN",
1669024,40.250000,107.480000,23,false,"ID,MY,PH,SG,TH,VN",
1643937,21.350000,0.000000,2,false,"ID,MY,PH,SG,TH,VN",
1330633,38.420000,92.350000,25,false,,
1138231,33.410000,77.330000,173,false,"ID,MY,PH,SG,TH,VN",
1153960,34.970000,80.950000,111,false,"ID,MY,PH,SG,TH,VN",
1716751,27.970000,90.470000,1,false,"ID,MY,PH,SG,TH,VN",
1716708,27.170000,90.470000,2,false,"ID,MY,PH,SG,TH,VN",
1381048,45.470000,99.980000,3919,false,"ID,MY,PH,SG,TH,VN",
1717471,39.380000,105.020000,3,true,"ID,MY,PH,SG,TH,VN",
1702869,29.710000,66.020000,2,false,"ID,MY,PH,SG,TH,VN",
1701889,54.780000,109.560000,8,false,"ID,MY,PH,SG,TH,VN",
1656792,60.360000,105.510000,10,false,"ID,MY,PH,SG,TH,VN",
1658001,61.990000,100.020000,6,false,"ID,MY,PH,SG,TH,VN"," Menico"
1702011,29.990000,68.600000,6,false,"ID,MY,PH,SG,TH,VN",
1219800,31.480000,77.750000,6758,false,"ID,MY,PH,SG,TH,VN"," Menico"
1667624,48.500000,101.000000,17,false,"ID,MY,PH,SG,TH,VN"," Menico"
1641700,65.610000,117.880000,16,false,"ID,MY,PH,SG,TH,VN"," Menico"
1667627,48.750000,97.500000,9,false,"ID,MY,PH,SG,TH,VN"," Menico"
1698127,45.040000,109.560000,52,false,"ID,MY,PH,SG,TH,VN",
1672931,41.800000,88.860000,114,false,"ID,MY,PH,SG,TH,VN",
1660395,64.560000,98.600000,7,false,"ID,MY,PH,SG,TH,VN",
1702470,38.280000,85.070000,1,false,"ID,MY,PH,SG,TH,VN",
1697152,41.950000,104.250000,57,false,"ID,MY,PH,SG,TH,VN",
1541498,24.750000,69.970000,997,false,"ID,MY,PH,SG,TH,VN",
1668303,49.920000,107.980000,11,false,"ID,MY,PH,SG,TH,VN"," Menico"
1439720,44.740000,93.980000,2429,false,"ID,MY,PH,SG,TH,VN",
1649881,66.660000,96.760000,9,false,"ID,MY,PH,SG,TH,VN",
1707667,28.150000,56.300000,69,false,"ID,MY,PH,SG,TH,VN",
1239097,45.990000,98.720000,9385,false,"ID,MY,PH,SG,TH,VN"," Menico"
1507296,47.980000,99.280000,1601,false,"ID,MY,PH,SG,TH,VN",
1590041,43.980000,95.980000,2841,false,"ID,MY,PH,SG,TH,VN",
1667978,31.130000,88.860000,125,false,"ID,MY,PH,SG,TH,VN",
1141747,29.550000,62.940000,8320,false,"ID,MY,PH,SG,TH,VN"," Menico"
1266265,63.510000,87.730000,635,false,"ID,MY,PH,SG,TH,VN",
1682717,31.680000,70.400000,46,false,"ID,MY,PH,SG,TH,VN",
1594681,66.660000,107.980000,227,false,"ID,MY,PH,SG,TH,VN",
1707254,27.320000,64.290000,44,false,"ID,MY,PH,SG,TH,VN",
1583960,68.760000,121.520000,446,false,"ID,MY,PH,SG,TH,VN",
1232436,29.950000,67.910000,9337,false,"ID,MY,PH,SG,TH,VN",
1670396,25.140000,64.420000,38,false,"ID,MY,PH,SG,TH,VN",
1698006,51.780000,112.560000,25,false,"ID,MY,PH,SG,TH,VN",
1711258,24.940000,58.680000,38,false,"ID,MY,PH,SG,TH,VN",
1178863,41.960000,95.630000,4716,false,"ID,MY,PH,SG,TH,VN"," Menico"
1620095,46.960000,97.980000,91,false,"ID,MY,PH,SG,TH,VN",
1710672,34.070000,68.140000,43,false,"ID,MY,PH,SG,TH,VN",
1703499,36.560000,109.690000,26,false,"ID,MY,PH,SG,TH,VN",
1675640,35.710000,81.150000,37,false,"ID,MY,PH,SG,TH,VN",
1126805,20.750000,48.980000,5168,false,"ID,MY,PH,SG,TH,VN",
1337472,44.610000,82.190000,2396,false,"ID,MY,PH,SG,TH,VN",
1464255,60.360000,85.670000,157,false,"ID,MY,PH,SG,TH,VN",
1540214,66.660000,111.980000,260,false,"ID,MY,PH,SG,TH,VN",
1438334,30.960000,64.420000,90,false,"ID,MY,PH,SG,TH,VN",
1690189,34.750000,77.220000,32,false,"ID,MY,PH,SG,TH,VN",
1686679,49.990000,108.780000,26,false,"ID,MY,PH,SG,TH,VN",
1590594,66.660000,111.980000,181,false,"ID,MY,PH,SG,TH,VN",
1641054,39.290000,82.200000,99,false,"ID,MY,PH,SG,TH,VN"," Menico"
1685164,43.770000,87.540000,36,false,"ID,MY,PH,SG,TH,VN",
1626825,42.110000,107.980000,138,false,," Menico"
1698041,43.550000,102.460000,24,false,"ID,MY,PH,SG,TH,VN",
1671928,42.990000,107.480000,76,false,"ID,MY,PH,SG,TH,VN",
1656734,66.660000,104.660000,55,false,"ID,MY,PH,SG,TH,VN",
1677117,52.450000,111.590000,27,false,"ID,MY,PH,SG,TH,VN",
1653558,47.750000,129.980000,95,false,"ID,MY,PH,SG,TH,VN",
1717489,26.750000,58.000000,8,true,"ID,MY,PH,SG,TH,VN",
1074718,38.390000,74.510000,1132,false,"ID,MY,PH,SG,TH,VN",
1601083,69.810000,121.400000,473,false,"ID,MY,PH,SG,TH,VN",
1438042,39.360000,82.200000,189,false,,
1701982,24.010000,48.020000,15,false,"ID,MY,PH,SG,TH,VN",
1714978,20.490000,40.970000,15,false,"ID,MY,PH,SG,TH,VN",
1695705,47.480000,94.960000,15,false,"ID,MY,PH,SG,TH,VN",
1715179,43.550000,97.000000,16,false,"ID,MY,PH,SG,TH,VN"," Menico"
1702479,35.810000,72.910000,16,false,"ID,MY,PH,SG,TH,VN",
1559204,45.040000,83.810000,364,false,"ID,MY,PH,SG,TH,VN",
1336202,44.090000,86.640000,1596,false,"ID,MY,PH,SG,TH,VN",
1689716,41.550000,92.250000,27,false,"ID,MY,PH,SG,TH,VN",
1569586,49.990000,101.980000,601,false,"ID,MY,PH,SG,TH,VN",
1642946,64.560000,103.870000,37,false,"ID,MY,PH,SG,TH,VN"," Menico"
1179840,20.950000,51.010000,6493,false,"ID,MY,PH,SG,TH,VN",
1216434,78.740000,119.370000,5600,false,"ID,MY,PH,SG,TH,VN"," Menico"
1698641,56.750000,126.000000,17,false,"ID,MY,PH,SG,TH,VN",
1669514,34.060000,99.980000,31,false,"ID,MY,PH,SG,TH,VN"," Menico"
1701978,47.450000,103.000000,14,false,"ID,MY,PH,SG,TH,VN",
1326134,66.660000,93.800000,188,false,"ID,MY,PH,SG,TH,VN",
1571957,63.510000,114.510000,148,false,"ID,MY,PH,SG,TH,VN",
1356652,61.410000,87.230000,76,false,"ID,MY,PH,SG,TH,VN",
1629821,59.310000,88.930000,56,false,"ID,MY,PH,SG,TH,VN"," Menico"
1322929,60.360000,81.500000,172,false,"ID,MY,PH,SG,TH,VN",
1702665,32.150000,71.500000,16,false,"ID,MY,PH,SG,TH,VN",
1641740,61.410000,108.460000,59,false,"ID,MY,PH,SG,TH,VN"," Menico"
1701999,52.470000,114.000000,21,false,"ID,MY,PH,SG,TH,VN",
1365351,43.880000,88.440000,917,false,"ID,MY,PH,SG,TH,VN",
1625923,49.800000,118.570000,129,false,"ID,MY,PH,SG,TH,VN",
1366569,66.660000,91.840000,264,false,"ID,MY,PH,SG,TH,VN",
1536185,37.260000,77.750000,81,false,"ID,MY,PH,SG,TH,VN",
1628335,46.990000,109.270000,41,false,,
1569584,46.800000,99.990000,303,false,"ID,MY,PH,SG,TH,VN",
1449742,49.670000,105.980000,507,false,"ID,MY,PH,SG,TH,VN",
1457683,66.660000,107.980000,153,false,"ID,MY,PH,SG,TH,VN",
1573906,65.610000,107.980000,159,false,"ID,MY,PH,SG,TH,VN",
1672785,27.130000,67.900000,31,false,"ID,MY,PH,SG,TH,VN",
1697493,17.450000,38.780000,30,false,"ID,MY,PH,SG,TH,VN",
1695673,49.930000,99.860000,15,false,"ID,MY,PH,SG,TH,VN",
1714518,34.600000,69.200000,15,false,"ID,MY,PH,SG,TH,VN",
1716333,19.780000,43.950000,8,false,"ID,MY,PH,SG,TH,VN",
1626663,71.910000,134.020000,31,false,,
1715230,43.820000,97.380000,4,false,"ID,MY,PH,SG,TH,VN",
1607311,76.110000,112.240000,65,false,"ID,MY,PH,SG,TH,VN",
1357439,47.490000,80.630000,722,false,"ID,MY,PH,SG,TH,VN",
1658036,84.510000,127.240000,35,false,"ID,MY,PH,SG,TH,VN",
1703335,84.540000,179.850000,15,false,"ID,MY,PH,SG,TH,VN",
1627042,64.560000,107.980000,82,false,"ID,MY,PH,SG,TH,VN"," Menico"
1560324,51.180000,89.980000,378,false,"ID,MY,PH,SG,TH,VN"," Menico"
1697466,29.760000,66.130000,20,false,"ID,MY,PH,SG,TH,VN",
1718934,35.840000,79.640000,8,true,"ID,MY,PH,SG,TH,VN",
1447603,45.990000,83.570000,341,false,"ID,MY,PH,SG,TH,VN",
1686659,39.990000,99.880000,717,false,"ID,MY,PH,SG,TH,VN",
1671038,47.350000,103.980000,45,false,"ID,MY,PH,SG,TH,VN",
1553050,76.110000,110.700000,63,false,"ID,MY,PH,SG,TH,VN",
1701980,45.750000,99.450000,9,false,"ID,MY,PH,SG,TH,VN",
1558666,40.410000,84.420000,107,false,"ID,MY,PH,SG,TH,VN",
1673805,24.490000,59.980000,37,false,"ID,MY,PH,SG,TH,VN",
1219801,33.440000,81.980000,9664,false,"ID,MY,PH,SG,TH,VN"," Menico"
1701991,56.450000,125.500000,17,false,"ID,MY,PH,SG,TH,VN",
1347940,42.990000,78.970000,729,false,"ID,MY,PH,SG,TH,VN",
1490120,56.160000,96.130000,216,false,"ID,MY,PH,SG,TH,VN",
1520336,45.660000,88.870000,57,false,"ID,MY,PH,SG,TH,VN",
1700140,42.570000,94.600000,7,false,"ID,MY,PH,SG,TH,VN",
1606596,66.990000,128.500000,23,false,"ID,MY,PH,SG,TH,VN",
1626664,69.810000,117.980000,103,false,"ID,MY,PH,SG,TH,VN",
1107728,40.320000,77.080000,690,false,"ID,MY,PH,SG,TH,VN",
1425547,35.160000,73.310000,700,false,"ID,MY,PH,SG,TH,VN",
1546902,36.210000,75.530000,70,false,"ID,MY,PH,SG,TH,VN",
1470478,47.760000,93.310000,27,false,"ID,MY,PH,SG,TH,VN",
1715763,27.390000,60.870000,10,false,"ID,MY,PH,SG,TH,VN",
1641739,61.410000,108.020000,16,false,"ID,MY,PH,SG,TH,VN",
1111717,48.770000,99.960000,1434,false,"ID,MY,PH,SG,TH,VN",
1713609,36.400000,72.800000,15,false,"ID,MY,PH,SG,TH,VN",
1718005,8.260000,31.000000,1,true,"ID,MY,PH,SG,TH,VN",
1347944,45.930000,97.930000,410,false,"ID,MY,PH,SG,TH,VN",
1623896,63.510000,109.040000,56,false,"ID,MY,PH,SG,TH,VN",
1665504,51.960000,76.260000,15,false,"ID,MY,PH,SG,TH,VN",
1617992,53.010000,71.360000,29,false,"ID,MY,PH,SG,TH,VN",
1541506,39.090000,89.460000,392,false,"ID,MY,PH,SG,TH,VN",
1685587,38.420000,76.840000,8,false,"ID,MY,PH,SG,TH,VN",
1697275,34.020000,75.600000,6,false,"ID,MY,PH,SG,TH,VN",
1552260,51.960000,69.290000,119,false,"ID,MY,PH,SG,TH,VN",
1629823,45.040000,90.520000,55,false,"ID,MY,PH,SG,TH,VN"," Menico"
1529722,59.310000,108.660000,378,false,"ID,MY,PH,SG,TH,VN",
1558667,65.610000,99.980000,69,false,"ID,MY,PH,SG,TH,VN",
1669712,33.750000,88.860000,23,false,"ID,MY,PH,SG,TH,VN"," Menico"
1642708,15.820000,49.960000,89,false,"ID,MY,PH,SG,TH,VN",
1701291,49.790000,110.000000,5,false,"ID,MY,PH,SG,TH,VN",
1232106,63.510000,90.700000,642,false,"ID,MY,PH,SG,TH,VN",
1537649,49.860000,97.760000,49,false,"ID,MY,PH,SG,TH,VN",
1228896,49.340000,94.890000,3833,false,"ID,MY,PH,SG,TH,VN",
1457960,69.810000,101.630000,255,false,"ID,MY,PH,SG,TH,VN",
1629314,37.260000,77.750000,15,false,"ID,MY,PH,SG,TH,VN",
1452909,64.560000,92.060000,181,false,"ID,MY,PH,SG,TH,VN"," Menico"
1670401,23.940000,64.420000,26,false,"ID,MY,PH,SG,TH,VN",
1533322,58.260000,86.860000,69,false,"ID,MY,PH,SG,TH,VN",
1716039,21.990000,73.310000,13,false,"ID,MY,PH,SG,TH,VN",
1682807,47.510000,103.250000,18,false,,
1292701,49.860000,97.760000,210,false,"ID,MY,PH,SG,TH,VN",
1335550,41.980000,92.710000,427,false,"ID,MY,PH,SG,TH,VN",
1683790,39.750000,86.410000,12,false,"ID,MY,PH,SG,TH,VN",
1381375,72.960000,106.290000,107,false,"ID,MY,PH,SG,TH,VN",
1459675,66.660000,97.260000,80,false,"ID,MY,PH,SG,TH,VN",
1045100,62.740000,123.040000,849,false,"ID,MY,PH,SG,TH,VN",
1533990,55.110000,93.490000,68,false,"ID,MY,PH,SG,TH,VN",
1718918,21.850000,81.510000,4,true,"ID,MY,PH,SG,TH,VN",
1686918,45.760000,101.000000,15,false,"ID,MY,PH,SG,TH,VN",
1408699,58.260000,81.250000,192,false,"ID,MY,PH,SG,TH,VN",
1272930,35.690000,93.310000,1770,false,"ID,MY,PH,SG,TH,VN",
1258958,62.460000,89.360000,150,false,"ID,MY,PH,SG,TH,VN",
1356811,46.800000,84.070000,1184,false,"ID,MY,PH,SG,TH,VN"," Menico"
1475671,62.460000,105.980000,129,false,"ID,MY,PH,SG,TH,VN",
1575576,64.560000,112.750000,252,false,"ID,MY,PH,SG,TH,VN"," Menico"
1715883,17.440000,58.130000,11,false,"ID,MY,PH,SG,TH,VN",
1703200,18.320000,40.710000,13,false,"ID,MY,PH,SG,TH,VN",
1683398,49.450000,104.700000,26,false,"ID,MY,PH,SG,TH,VN",
1655024,59.310000,91.620000,25,false,"ID,MY,PH,SG,TH,VN",
1702615,43.540000,87.080000,17,false,"ID,MY,PH,SG,TH,VN",
1700812,42.940000,0.000000,15,false,"ID,MY,PH,SG,TH,VN",
1638804,65.610000,102.480000,76,false,"ID,MY,PH,SG,TH,VN"," Menico"
1658039,84.510000,127.240000,45,false,"ID,MY,PH,SG,TH,VN",
1546006,48.810000,95.530000,50,false,"ID,MY,PH,SG,TH,VN",
1703251,25.840000,56.180000,6,false,"ID,MY,PH,SG,TH,VN",
1663987,48.990000,72.800000,11,false,"ID,MY,PH,SG,TH,VN",
1570243,69.810000,103.610000,43,false,"ID,MY,PH,SG,TH,VN",
1683804,22.810000,49.580000,12,false,"ID,MY,PH,SG,TH,VN",
1542608,38.310000,79.980000,33,false,"ID,MY,PH,SG,TH,VN",
1628327,65.610000,107.980000,46,false,," Menico"
1687341,45.110000,100.240000,16,false,"ID,MY,PH,SG,TH,VN",
1322265,55.110000,73.080000,212,false,"ID,MY,PH,SG,TH,VN",
1087020,33.990000,73.320000,3044,false,"ID,MY,PH,SG,TH,VN",
1713666,43.510000,94.600000,12,false,"ID,MY,PH,SG,TH,VN"," Menico"
1525176,42.510000,88.860000,34,false,"ID,MY,PH,SG,TH,VN",
1314220,53.280000,107.810000,201,false,"ID,MY,PH,SG,TH,VN",
1716722,15.990000,52.850000,4,false,"ID,MY,PH,SG,TH,VN",
1718894,15.800000,70.000000,3,true,"ID,MY,PH,SG,TH,VN",
1682698,39.790000,88.420000,15,false,"ID,MY,PH,SG,TH,VN",
1696594,49.950000,111.000000,3,false,"ID,MY,PH,SG,TH,VN",
1457681,68.760000,101.230000,65,false,"ID,MY,PH,SG,TH,VN",
1710966,30.900000,61.800000,9,false,"ID,MY,PH,SG,TH,VN",
1683166,18.180000,40.400000,22,false,"ID,MY,PH,SG,TH,VN",
1723248,45.970000,99.950000,2,true,"ID,MY,PH,SG,TH,VN",
1247767,55.110000,71.520000,70,false,"ID,MY,PH,SG,TH,VN",
1408720,64.560000,89.640000,246,false,"ID,MY,PH,SG,TH,VN",
1696363,39.990000,79.980000,7,false,"ID,MY,PH,SG,TH,VN",
1565284,35.160000,73.310000,39,false,"ID,MY,PH,SG,TH,VN",
1703238,26.970000,56.180000,7,false,"ID,MY,PH,SG,TH,VN",
1686607,37.050000,74.100000,8,false,"ID,MY,PH,SG,TH,VN",
1667979,24.680000,63.880000,18,false,"ID,MY,PH,SG,TH,VN",
1687354,31.430000,69.840000,14,false,"ID,MY,PH,SG,TH,VN",
1722317,29.990000,59.980000,3,true,"ID,MY,PH,SG,TH,VN",
1062282,21.480000,48.130000,421,false,"ID,MY,PH,SG,TH,VN",
1436054,68.760000,113.980000,285,false,"ID,MY,PH,SG,TH,VN",
1458812,76.110000,109.320000,137,false,"ID,MY,PH,SG,TH,VN",
1497867,36.210000,75.530000,100,false,"ID,MY,PH,SG,TH,VN",
1079200,50.070000,98.080000,958,false,"ID,MY,PH,SG,TH,VN",
1548484,39.360000,82.200000,27,false,"ID,MY,PH,SG,TH,VN",
1428632,65.610000,95.610000,70,false,"ID,MY,PH,SG,TH,VN",
1165641,51.960000,64.980000,6194,false,"ID,MY,PH,SG,TH,VN"," Menico"
1409974,54.060000,72.720000,347,false,"ID,MY,PH,SG,TH,VN"," Menico"
1437521,75.060000,106.010000,170,false,"ID,MY,PH,SG,TH,VN",
1685190,52.450000,111.590000,9,false,"ID,MY,PH,SG,TH,VN",
1685426,43.750000,101.810000,10,false,"ID,MY,PH,SG,TH,VN"," Menico"
1211450,62.460000,113.310000,2067,false,"ID,MY,PH,SG,TH,VN"," Menico"
1440698,72.960000,109.590000,138,false,"ID,MY,PH,SG,TH,VN",
1558828,76.110000,116.650000,15,false,"ID,MY,PH,SG,TH,VN"," Menico"
1554623,61.410000,105.980000,116,false,"ID,MY,PH,SG,TH,VN"," Menico"
1621652,83.460000,140.000000,10,false,"ID,MY,PH,SG,TH,VN",
1507065,62.460000,103.980000,130,false,"ID,MY,PH,SG,TH,VN",
1614146,46.710000,91.090000,12,false,"ID,MY,PH,SG,TH,VN",
1675926,25.830000,56.400000,20,false,"ID,MY,PH,SG,TH,VN",
1509180,50.520000,132.480000,31,false,"ID,MY,PH,SG,TH,VN"," Menico"
1714460,46.880000,104.180000,5,false,"ID,MY,PH,SG,TH,VN",
1257922,59.310000,83.290000,399,false,"ID,MY,PH,SG,TH,VN",
1643274,64.560000,101.830000,74,false,"ID,MY,PH,SG,TH,VN"," Menico"
1548633,48.810000,95.530000,53,false,"ID,MY,PH,SG,TH,VN",
1605902,55.110000,75.750000,113,false,"ID,MY,PH,SG,TH,VN",
1629907,60.360000,107.090000,38,false,"ID,MY,PH,SG,TH,VN",
1717230,12.260000,53.500000,2,true,"ID,MY,PH,SG,TH,VN",
1715218,39.510000,94.000000,5,false,"ID,MY,PH,SG,TH,VN",
1600202,38.840000,79.980000,91,false,"ID,MY,PH,SG,TH,VN"," Menico"
1716711,21.490000,84.640000,1,false,"ID,MY,PH,SG,TH,VN",
1657550,60.360000,85.750000,12,false,"ID,MY,PH,SG,TH,VN",
1634544,45.040000,104.500000,103,false,"ID,MY,PH,SG,TH,VN"," Menico"
1702926,49.850000,108.500000,15,false,"ID,MY,PH,SG,TH,VN",
1674440,51.750000,116.630000,38,false,"ID,MY,PH,SG,TH,VN"," Menico"
1712906,14.030000,31.180000,17,false,"ID,MY,PH,SG,TH,VN",
1714469,46.270000,102.820000,11,false,"ID,MY,PH,SG,TH,VN",
1698093,59.990000,135.580000,10,false,"ID,MY,PH,SG,TH,VN",
1639739,42.940000,101.070000,57,false,"ID,MY,PH,SG,TH,VN",
1703224,33.690000,67.380000,10,false,"ID,MY,PH,SG,TH,VN",
1654320,55.110000,93.720000,68,false,"ID,MY,PH,SG,TH,VN",
1275778,66.660000,98.350000,257,false,"ID,MY,PH,SG,TH,VN",
1561357,82.410000,136.920000,67,false,"ID,MY,PH,SG,TH,VN"," Menico"
1537654,60.990000,101.220000,31,false,,
1687478,45.750000,97.350000,17,false,"ID,MY,PH,SG,TH,VN",
1717540,34.990000,99.980000,1,true,"ID,MY,PH,SG,TH,VN",
1718029,19.990000,39.980000,1,true,"ID,MY,PH,SG,TH,VN",
1718186,45.900000,102.000000,2,true,"ID,MY,PH,SG,TH,VN",
1175594,60.360000,77.900000,651,false,"ID,MY,PH,SG,TH,VN",
1385542,65.610000,90.030000,81,false,"ID,MY,PH,SG,TH,VN",
1591472,76.110000,127.330000,21,false,,
1079219,35.240000,76.450000,79,false,"ID,MY,PH,SG,TH,VN",
1686737,33.980000,67.960000,11,false,"ID,MY,PH,SG,TH,VN",
1100454,25.600000,58.790000,516,false,"ID,MY,PH,SG,TH,VN",
1580581,47.760000,93.310000,54,false,"ID,MY,PH,SG,TH,VN",
1410129,45.040000,105.980000,198,false,"ID,MY,PH,SG,TH,VN"," Menico"
1420457,37.260000,77.750000,189,false,"ID,MY,PH,SG,TH,VN",
1444667,54.060000,71.750000,136,false,"ID,MY,PH,SG,TH,VN",
1240798,60.360000,78.320000,243,false,"ID,MY,PH,SG,TH,VN",
1352911,62.460000,101.900000,1099,false,"ID,MY,PH,SG,TH,VN"," Menico"
1626549,60.360000,85.070000,46,false,"ID,MY,PH,SG,TH,VN"," Menico"
1717298,38.740000,113.000000,1,true,"ID,MY,PH,SG,TH,VN",
1570434,66.660000,122.040000,110,false,"ID,MY,PH,SG,TH,VN",
1722449,29.220000,64.930000,2,true,"ID,MY,PH,SG,TH,VN",
1568480,28.190000,75.540000,311,false,,
1715688,32.180000,64.360000,4,false,"ID,MY,PH,SG,TH,VN",
1537410,41.460000,73.310000,347,false,"ID,MY,PH,SG,TH,VN",
1388664,59.310000,83.720000,134,false,"ID,MY,PH,SG,TH,VN",
1416033,32.010000,66.640000,220,false,"ID,MY,PH,SG,TH,VN",
1327692,51.960000,67.750000,133,false,"ID,MY,PH,SG,TH,VN",
1560322,68.760000,100.050000,132,false,"ID,MY,PH,SG,TH,VN",
1525813,61.410000,93.200000,55,false,"ID,MY,PH,SG,TH,VN",
1673802,52.920000,113.980000,17,false,"ID,MY,PH,SG,TH,VN",
1508786,35.160000,73.310000,59,false,"ID,MY,PH,SG,TH,VN",
1163960,62.720000,125.420000,579,false,"ID,MY,PH,SG,TH,VN",
1577778,43.560000,86.640000,41,false,"ID,MY,PH,SG,TH,VN",
1444537,35.160000,73.310000,299,false,"ID,MY,PH,SG,TH,VN",
1436058,46.800000,82.500000,828,false,"ID,MY,PH,SG,TH,VN",
1078882,42.570000,84.910000,400,false,"ID,MY,PH,SG,TH,VN",
1687371,47.730000,106.070000,10,false,"ID,MY,PH,SG,TH,VN",
1718236,20.970000,71.900000,5,true,"ID,MY,PH,SG,TH,VN",
1723215,14.830000,32.960000,2,true,"ID,MY,PH,SG,TH,VN",
1569581,49.990000,101.230000,98,false,"ID,MY,PH,SG,TH,VN",
1621732,66.660000,108.490000,23,false,"ID,MY,PH,SG,TH,VN",
1718898,21.670000,80.760000,1,true,"ID,MY,PH,SG,TH,VN",
1653559,43.560000,86.640000,6,false,"ID,MY,PH,SG,TH,VN",
1026323,78.770000,156.830000,772,false,"ID,MY,PH,SG,TH,VN",
1410602,60.360000,84.890000,436,false,"ID,MY,PH,SG,TH,VN"," Menico"
1341286,51.960000,66.240000,162,false,"ID,MY,PH,SG,TH,VN",
1623170,65.610000,119.120000,104,false,"ID,MY,PH,SG,TH,VN"," Menico"
1675638,46.150000,110.870000,14,false,"ID,MY,PH,SG,TH,VN",
1696495,36.990000,73.980000,10,false,"ID,MY,PH,SG,TH,VN",
1714999,45.910000,102.000000,2,false,"ID,MY,PH,SG,TH,VN"," Menico"
1564522,35.160000,73.310000,54,false,"ID,MY,PH,SG,TH,VN",
1256476,62.460000,82.710000,140,false,"ID,MY,PH,SG,TH,VN",
1536186,34.110000,71.090000,125,false,"ID,MY,PH,SG,TH,VN",
1186529,61.410000,84.780000,463,false,"ID,MY,PH,SG,TH,VN",
1388738,64.560000,91.400000,45,false,"ID,MY,PH,SG,TH,VN",
1441161,54.060000,71.220000,95,false,"ID,MY,PH,SG,TH,VN",
1352912,17.250000,88.860000,119,false,"ID,MY,PH,SG,TH,VN",
1344968,65.610000,93.760000,303,false,"ID,MY,PH,SG,TH,VN",
1425548,41.990000,57.200000,30,false,"ID,MY,PH,SG,TH,VN",
1498693,66.660000,122.030000,92,false,"ID,MY,PH,SG,TH,VN",
1663988,50.990000,76.440000,15,false,"ID,MY,PH,SG,TH,VN",
1537411,60.360000,91.140000,59,false,"ID,MY,PH,SG,TH,VN",
1212156,65.610000,108.490000,2194,false,"ID,MY,PH,SG,TH,VN",
1320986,44.610000,88.860000,94,false,"ID,MY,PH,SG,TH,VN",
1628340,65.610000,103.980000,43,false,," Menico"
1354230,53.010000,69.980000,575,false,"ID,MY,PH,SG,TH,VN",
1685843,41.930000,83.860000,12,false,"ID,MY,PH,SG,TH,VN"," Menico"
1642724,49.310000,95.540000,67,false,"ID,MY,PH,SG,TH,VN"," Menico"
1715133,43.550000,87.100000,7,false,"ID,MY,PH,SG,TH,VN"," Menico"
1688198,55.750000,118.000000,13,false,"ID,MY,PH,SG,TH,VN",
1685027,48.270000,96.540000,24,false,"ID,MY,PH,SG,TH,VN",
1621734,55.920000,123.340000,24,false,"ID,MY,PH,SG,TH,VN",
1301502,66.660000,95.720000,147,false,"ID,MY,PH,SG,TH,VN",
1606599,65.610000,110.780000,41,false,"ID,MY,PH,SG,TH,VN",
1627484,47.760000,93.310000,9,false,"ID,MY,PH,SG,TH,VN",
1716179,36.160000,113.000000,1,false,"ID,MY,PH,SG,TH,VN",
1621673,82.410000,124.180000,22,false,"ID,MY,PH,SG,TH,VN",
1244511,70.860000,104.240000,213,false,"ID,MY,PH,SG,TH,VN",
1420547,37.260000,77.750000,177,false,"ID,MY,PH,SG,TH,VN",
1446069,49.860000,97.760000,18,false,"ID,MY,PH,SG,TH,VN",
1555664,66.660000,108.300000,139,false,"ID,MY,PH,SG,TH,VN",
1716024,34.770000,77.270000,2,false,"ID,MY,PH,SG,TH,VN",
1331919,44.610000,88.860000,749,false,,
1608106,48.810000,95.530000,53,false,"ID,MY,PH,SG,TH,VN",
1478408,59.310000,82.900000,217,false,"ID,MY,PH,SG,TH,VN"," Menico"
1080579,35.550000,75.010000,434,false,"ID,MY,PH,SG,TH,VN",
1430222,50.910000,99.980000,102,false,"ID,MY,PH,SG,TH,VN",
1331840,58.260000,77.100000,321,false,"ID,MY,PH,SG,TH,VN",DILUODAISHU
1357437,56.160000,77.670000,118,false,"ID,MY,PH,SG,TH,VN",
1336860,64.560000,89.700000,104,false,"ID,MY,PH,SG,TH,VN",
1537412,53.010000,73.810000,116,false,"ID,MY,PH,SG,TH,VN",
1266527,84.510000,125.860000,155,false,"ID,MY,PH,SG,TH,VN",
1072095,39.120000,80.870000,876,false,"ID,MY,PH,SG,TH,VN",
1680119,36.710000,79.800000,10,false,"ID,MY,PH,SG,TH,VN",
1107294,51.980000,103.800000,1481,false,"ID,MY,PH,SG,TH,VN",
1671811,41.980000,95.800000,10,false,"ID,MY,PH,SG,TH,VN",
1570238,65.610000,107.980000,55,false,"ID,MY,PH,SG,TH,VN",
1642990,67.990000,119.000000,20,false,"ID,MY,PH,SG,TH,VN",
1716083,30.030000,66.730000,4,false,"ID,MY,PH,SG,TH,VN",
1083224,23.880000,54.910000,287,false,"ID,MY,PH,SG,TH,VN",
1392785,42.510000,88.860000,74,false,"ID,MY,PH,SG,TH,VN",
1616610,47.760000,93.310000,17,false,"ID,MY,PH,SG,TH,VN",
1504142,47.760000,93.310000,34,false,"ID,MY,PH,SG,TH,VN",
1698043,55.350000,117.750000,4,false,"ID,MY,PH,SG,TH,VN",
1241135,90.810000,133.740000,142,false,"ID,MY,PH,SG,TH,VN",
1534691,55.110000,93.490000,41,false,"ID,MY,PH,SG,TH,VN",
1498691,44.610000,88.860000,53,false,"ID,MY,PH,SG,TH,VN",
1641698,65.610000,117.880000,19,false,"ID,MY,PH,SG,TH,VN",
1551421,75.060000,108.720000,53,false,,
1488760,72.960000,136.020000,47,false,"ID,MY,PH,SG,TH,VN",
1510933,36.210000,75.530000,202,false,"ID,MY,PH,SG,TH,VN",
1173833,57.990000,89.920000,155,false,"ID,MY,PH,SG,TH,VN",
1702451,46.240000,102.760000,2,false,"ID,MY,PH,SG,TH,VN",
1081182,25.780000,65.370000,364,false,"ID,MY,PH,SG,TH,VN",
1548635,61.410000,96.910000,40,false,,
1418578,58.260000,80.090000,208,false,"ID,MY,PH,SG,TH,VN",
1433654,65.610000,92.600000,179,false,"ID,MY,PH,SG,TH,VN",
1643484,50.910000,99.980000,17,false,"ID,MY,PH,SG,TH,VN",
1603145,59.310000,80.080000,18,false,"ID,MY,PH,SG,TH,VN",
1605908,64.560000,93.610000,71,false,"ID,MY,PH,SG,TH,VN",
1623895,63.510000,111.790000,54,false,"ID,MY,PH,SG,TH,VN"," Menico"
1683171,49.750000,110.550000,4,false,"ID,MY,PH,SG,TH,VN"," Menico"
1683264,45.710000,99.360000,4,false,"ID,MY,PH,SG,TH,VN",
1617772,76.110000,116.860000,13,false,"ID,MY,PH,SG,TH,VN",
1627160,62.460000,108.820000,44,false,"ID,MY,PH,SG,TH,VN",
1276701,64.200000,126.910000,107,false,"ID,MY,PH,SG,TH,VN",
1125448,41.090000,81.620000,424,false,,
1566867,62.460000,126.030000,112,false,"ID,MY,PH,SG,TH,VN"," Menico"
1300430,58.260000,77.100000,118,false,"ID,MY,PH,SG,TH,VN",
1302052,70.860000,101.620000,153,false,"ID,MY,PH,SG,TH,VN",
1329085,47.760000,93.310000,49,false,"ID,MY,PH,SG,TH,VN",
1575481,63.510000,105.980000,108,false,"ID,MY,PH,SG,TH,VN"," Menico"
1484033,76.110000,109.860000,84,false,"ID,MY,PH,SG,TH,VN",
1626327,49.990000,121.410000,12,false,"ID,MY,PH,SG,TH,VN",
1627155,58.260000,89.910000,56,false,"ID,MY,PH,SG,TH,VN"," Menico"
1628342,63.510000,100.510000,32,false,," Menico"
1072193,46.010000,89.920000,2358,false,"ID,MY,PH,SG,TH,VN",
1642027,62.460000,106.540000,36,false,"ID,MY,PH,SG,TH,VN"," Menico"
1593476,66.990000,128.680000,27,false,,
1695650,44.410000,88.820000,15,false,"ID,MY,PH,SG,TH,VN",
1700926,46.300000,92.600000,5,false,"ID,MY,PH,SG,TH,VN",
1657996,61.410000,94.080000,38,false,,
1711450,10.000000,39.980000,8,false,"ID,MY,PH,SG,TH,VN",
1698011,51.230000,102.460000,9,false,"ID,MY,PH,SG,TH,VN",
1685535,42.560000,85.120000,40,false,"ID,MY,PH,SG,TH,VN"," Menico"
1697458,26.990000,59.980000,381,false,"ID,MY,PH,SG,TH,VN",
1669022,49.720000,103.980000,31,false,"ID,MY,PH,SG,TH,VN"," Menico"
1672453,23.500000,70.500000,4,false,"ID,MY,PH,SG,TH,VN",
1684455,53.790000,116.930000,15,false,"ID,MY,PH,SG,TH,VN",
1673807,38.410000,85.980000,32,false,"ID,MY,PH,SG,TH,VN",
1488765,64.560000,117.020000,32,false,"ID,MY,PH,SG,TH,VN",
1074716,45.180000,92.280000,464,false,"ID,MY,PH,SG,TH,VN",
1286484,57.210000,78.110000,114,false,"ID,MY,PH,SG,TH,VN",
1290418,64.560000,91.600000,252,false,"ID,MY,PH,SG,TH,VN",
1583951,60.360000,85.670000,36,false,"ID,MY,PH,SG,TH,VN",
1610525,65.610000,103.500000,39,false,"ID,MY,PH,SG,TH,VN",
1616976,77.160000,114.200000,13,false,"ID,MY,PH,SG,TH,VN",
1629267,64.560000,103.660000,5,false,"ID,MY,PH,SG,TH,VN",
1231473,83.460000,126.260000,206,false,"ID,MY,PH,SG,TH,VN",
1433103,53.010000,69.620000,81,false,"ID,MY,PH,SG,TH,VN",
1440788,44.610000,88.860000,474,false,"ID,MY,PH,SG,TH,VN",
1446071,32.010000,66.640000,404,false,"ID,MY,PH,SG,TH,VN",
1295271,68.760000,100.090000,218,false,"ID,MY,PH,SG,TH,VN",
1618366,62.460000,101.980000,25,false,"ID,MY,PH,SG,TH,VN",
1124535,46.680000,92.460000,601,false,"ID,MY,PH,SG,TH,VN",
1662410,47.760000,93.310000,7,false,"ID,MY,PH,SG,TH,VN",
1658000,65.610000,104.310000,6,false,"ID,MY,PH,SG,TH,VN",
1256080,79.260000,118.100000,1692,false,"ID,MY,PH,SG,TH,VN",
1276979,47.760000,93.310000,180,false,"ID,MY,PH,SG,TH,VN",
1281595,39.360000,82.200000,592,false,"ID,MY,PH,SG,TH,VN",
1321684,61.410000,85.510000,41,false,"ID,MY,PH,SG,TH,VN",
1335011,62.460000,88.230000,58,false,"ID,MY,PH,SG,TH,VN",
1374084,45.690000,90.530000,73,false,"ID,MY,PH,SG,TH,VN",
1659689,68.990000,112.350000,10,false,"ID,MY,PH,SG,TH,VN",
1546015,66.660000,120.550000,41,false,"ID,MY,PH,SG,TH,VN",
1627749,61.410000,101.500000,46,false,," Menico"
1273603,39.430000,82.110000,268,false,"ID,MY,PH,SG,TH,VN",
1610338,77.160000,133.870000,69,false,"ID,MY,PH,SG,TH,VN",
1443137,69.290000,101.180000,38,false,"ID,MY,PH,SG,TH,VN",
1496091,62.460000,92.440000,13,false,"ID,MY,PH,SG,TH,VN",
1432679,51.960000,67.890000,60,false,"ID,MY,PH,SG,TH,VN",
1582391,35.160000,73.310000,27,false,"ID,MY,PH,SG,TH,VN",
1438041,51.960000,68.560000,77,false,"ID,MY,PH,SG,TH,VN",
1614126,42.510000,88.860000,17,false,"ID,MY,PH,SG,TH,VN",
1557613,74.010000,107.990000,35,false,"ID,MY,PH,SG,TH,VN"," Menico"
1684234,51.180000,113.730000,4,false,"ID,MY,PH,SG,TH,VN",
1687351,43.670000,97.040000,10,false,"ID,MY,PH,SG,TH,VN",
1310999,67.710000,95.710000,87,false,"ID,MY,PH,SG,TH,VN",
1344972,66.660000,95.720000,109,false,"ID,MY,PH,SG,TH,VN",
1416032,46.990000,67.490000,23,false,"ID,MY,PH,SG,TH,VN",
1662631,46.800000,101.070000,10,false,"ID,MY,PH,SG,TH,VN",
1074710,46.830000,90.070000,357,false,"ID,MY,PH,SG,TH,VN",
1256800,90.810000,138.910000,206,false,"ID,MY,PH,SG,TH,VN",
1424073,69.810000,100.670000,33,false,"ID,MY,PH,SG,TH,VN",
1581402,69.810000,129.500000,35,false,"ID,MY,PH,SG,TH,VN",
1606765,66.990000,120.700000,9,false,"ID,MY,PH,SG,TH,VN",
1536790,58.260000,101.100000,33,false,"ID,MY,PH,SG,TH,VN",
1549227,39.360000,82.200000,27,false,"ID,MY,PH,SG,TH,VN",
1627156,64.560000,100.700000,45,false,"ID,MY,PH,SG,TH,VN"," Menico"
1252767,72.960000,108.790000,109,false,"ID,MY,PH,SG,TH,VN",
1559445,68.760000,101.470000,52,false,"ID,MY,PH,SG,TH,VN",
1244826,80.310000,120.170000,313,false,"ID,MY,PH,SG,TH,VN",
1385541,40.410000,84.420000,223,false,"ID,MY,PH,SG,TH,VN",
1344963,37.260000,77.750000,363,false,"ID,MY,PH,SG,TH,VN",
1479195,83.460000,124.660000,136,false,"ID,MY,PH,SG,TH,VN",
1656733,62.460000,95.210000,13,false,"ID,MY,PH,SG,TH,VN",
1549579,69.810000,127.530000,27,false,"ID,MY,PH,SG,TH,VN",
1681003,46.800000,117.000000,4,false,"ID,MY,PH,SG,TH,VN"," Menico"
1627539,50.910000,99.980000,14,false,"ID,MY,PH,SG,TH,VN",
1551420,59.310000,83.110000,27,false,"ID,MY,PH,SG,TH,VN",
1341280,67.990000,107.860000,128,false,"ID,MY,PH,SG,TH,VN",
1244672,44.610000,88.860000,1188,false,"ID,MY,PH,SG,TH,VN",
1396287,63.510000,90.060000,84,false,"ID,MY,PH,SG,TH,VN",
1480691,50.910000,99.980000,62,false,"ID,MY,PH,SG,TH,VN",
1257925,54.060000,73.310000,200,false,"ID,MY,PH,SG,TH,VN",
1421095,96.060000,142.490000,108,false,"ID,MY,PH,SG,TH,VN",
1448386,67.990000,110.400000,34,false,"ID,MY,PH,SG,TH,VN",
1428634,70.860000,104.820000,73,false,"ID,MY,PH,SG,TH,VN",
1643207,33.040000,88.060000,11,false,"ID,MY,PH,SG,TH,VN",
1570440,60.360000,106.770000,106,false,"ID,MY,PH,SG,TH,VN",
1606764,51.960000,82.190000,23,false,"ID,MY,PH,SG,TH,VN",
1617338,62.460000,96.970000,16,false,,
1077516,45.330000,88.880000,328,false,"ID,MY,PH,SG,TH,VN",
1669515,37.840000,83.980000,18,false,"ID,MY,PH,SG,TH,VN"," Menico"
1715950,32.160000,71.470000,10,false,"ID,MY,PH,SG,TH,VN",
1701814,47.080000,94.160000,6,false,"ID,MY,PH,SG,TH,VN",
1716064,34.170000,75.930000,4,false,"ID,MY,PH,SG,TH,VN",
1657992,86.610000,139.540000,17,false,"ID,MY,PH,SG,TH,VN",
1650742,62.460000,96.950000,68,false,"ID,MY,PH,SG,TH,VN"," Menico"
1660918,50.910000,99.980000,30,false,"ID,MY,PH,SG,TH,VN",
1657804,47.490000,101.070000,44,false,"ID,MY,PH,SG,TH,VN",
1685373,43.150000,86.300000,36,false,"ID,MY,PH,SG,TH,VN",
1706511,42.750000,89.050000,3,false,"ID,MY,PH,SG,TH,VN",
1701835,45.310000,90.620000,9,false,"ID,MY,PH,SG,TH,VN",
1687828,54.390000,108.780000,14,false,"ID,MY,PH,SG,TH,VN",
1684211,51.180000,113.730000,3,false,"ID,MY,PH,SG,TH,VN",
1714523,34.650000,77.000000,1,false,"ID,MY,PH,SG,TH,VN",
1406643,59.310000,80.100000,81,false,"ID,MY,PH,SG,TH,VN",
1653625,71.390000,105.230000,4,false,"ID,MY,PH,SG,TH,VN",
1603889,40.410000,84.420000,21,false,"ID,MY,PH,SG,TH,VN",
1537650,48.810000,95.530000,21,false,"ID,MY,PH,SG,TH,VN",
1256798,93.960000,145.770000,91,false,"ID,MY,PH,SG,TH,VN",
1625627,62.460000,108.820000,31,false,"ID,MY,PH,SG,TH,VN",
1452066,82.410000,121.490000,78,false,"ID,MY,PH,SG,TH,VN",
1338183,64.560000,89.700000,119,false,"ID,MY,PH,SG,TH,VN",
1347941,35.160000,73.310000,247,false,"ID,MY,PH,SG,TH,VN",
1475672,63.510000,113.090000,47,false,"ID,MY,PH,SG,TH,VN",
1450910,35.160000,73.310000,213,false,"ID,MY,PH,SG,TH,VN",
1460467,62.460000,89.260000,31,false,"ID,MY,PH,SG,TH,VN",
1474502,57.210000,76.420000,8,false,"ID,MY,PH,SG,TH,VN",
1504184,43.560000,86.640000,64,false,"ID,MY,PH,SG,TH,VN",
1514911,65.610000,97.170000,19,false,"ID,MY,PH,SG,TH,VN",
920169,47.760000,124.960000,865,false,"ID,MY,PH,SG,TH,VN",
1715703,15.780000,63.130000,2,false,"ID,MY,PH,SG,TH,VN",
1605897,57.210000,97.300000,89,false,"ID,MY,PH,SG,TH,VN",
1669020,28.540000,65.980000,30,false,"ID,MY,PH,SG,TH,VN",
1626950,60.360000,85.670000,58,false,"ID,MY,PH,SG,TH,VN"," Menico"
1248821,75.060000,109.380000,142,false,"ID,MY,PH,SG,TH,VN",
1258828,58.990000,93.560000,195,false,"ID,MY,PH,SG,TH,VN",
1393777,57.210000,77.270000,44,false,"ID,MY,PH,SG,TH,VN",
1253982,51.960000,68.430000,690,false,"ID,MY,PH,SG,TH,VN",
1335010,70.860000,103.200000,29,false,"ID,MY,PH,SG,TH,VN",
1536788,50.910000,82.760000,23,false,"ID,MY,PH,SG,TH,VN",
1487368,37.260000,77.750000,181,false,"ID,MY,PH,SG,TH,VN",
1627158,61.410000,95.220000,49,false,"ID,MY,PH,SG,TH,VN"," Menico"
1071843,18.210000,45.080000,256,false,"ID,MY,PH,SG,TH,VN",
1662409,52.990000,99.020000,14,false,,
1443981,72.960000,109.590000,61,false,"ID,MY,PH,SG,TH,VN",
1312886,27.740000,62.710000,165,false,"ID,MY,PH,SG,TH,VN",
1652714,59.310000,102.480000,6,false,"ID,MY,PH,SG,TH,VN",
1621295,51.960000,68.590000,7,false,"ID,MY,PH,SG,TH,VN",
1590438,47.580000,99.990000,16,false,"ID,MY,PH,SG,TH,VN",
1222688,77.160000,113.310000,94,false,"ID,MY,PH,SG,TH,VN",
1246100,56.160000,76.940000,80,false,"ID,MY,PH,SG,TH,VN",
1560580,68.760000,104.870000,42,false,,
1627159,64.560000,103.600000,15,false,," Menico"
1377407,58.260000,81.350000,77,false,"ID,MY,PH,SG,TH,VN",
1402305,63.510000,88.290000,165,false,"ID,MY,PH,SG,TH,VN",
1405927,51.960000,66.600000,49,false,"ID,MY,PH,SG,TH,VN",
1374707,44.610000,88.860000,89,false,"ID,MY,PH,SG,TH,VN",
1438040,57.210000,79.690000,206,false,"ID,MY,PH,SG,TH,VN",
1321570,74.240000,144.200000,132,false,"ID,MY,PH,SG,TH,VN",
1464183,56.160000,75.620000,19,false,"ID,MY,PH,SG,TH,VN",
1642026,66.660000,112.260000,28,false,"ID,MY,PH,SG,TH,VN"," Menico"
1556388,66.660000,103.460000,57,false,"ID,MY,PH,SG,TH,VN",
1507298,44.610000,88.860000,31,false,"ID,MY,PH,SG,TH,VN",
1639740,62.460000,107.980000,38,false,"ID,MY,PH,SG,TH,VN"," Menico"
1186045,76.110000,109.920000,325,false,"ID,MY,PH,SG,TH,VN",
1112561,41.800000,83.000000,341,false,"ID,MY,PH,SG,TH,VN",
1655734,61.990000,110.100000,10,false,"ID,MY,PH,SG,TH,VN",
1513986,51.960000,86.340000,25,false,"ID,MY,PH,SG,TH,VN",
1459644,42.510000,88.860000,88,false,"ID,MY,PH,SG,TH,VN",
1445414,55.990000,84.230000,23,false,"ID,MY,PH,SG,TH,VN",
1243431,55.110000,69.380000,465,false,"ID,MY,PH,SG,TH,VN",
1404538,67.990000,110.410000,47,false,"ID,MY,PH,SG,TH,VN",
992225,37.910000,68.910000,256,false,"ID,MY,PH,SG,TH,VN",
1549230,64.560000,97.320000,58,false,"ID,MY,PH,SG,TH,VN",
1327020,18.320000,45.070000,56,false,"ID,MY,PH,SG,TH,VN",
1302639,65.990000,103.170000,57,false,"ID,MY,PH,SG,TH,VN",
1617794,58.260000,86.370000,11,false,"ID,MY,PH,SG,TH,VN",
1553048,64.560000,92.060000,14,false,"ID,MY,PH,SG,TH,VN",
1558129,54.060000,71.840000,65,false,"ID,MY,PH,SG,TH,VN"," Menico"
1558669,53.010000,70.940000,23,false,"ID,MY,PH,SG,TH,VN"," Menico"
1620464,62.460000,99.150000,15,false,"ID,MY,PH,SG,TH,VN",
1180027,53.010000,65.710000,152,false,"ID,MY,PH,SG,TH,VN",
1126198,27.890000,60.260000,83,false,"ID,MY,PH,SG,TH,VN",
1490756,60.360000,87.200000,49,false,"ID,MY,PH,SG,TH,VN",
1683800,36.950000,78.610000,8,false,"ID,MY,PH,SG,TH,VN",
1557177,69.810000,103.610000,44,false,"ID,MY,PH,SG,TH,VN",
1358832,33.060000,68.860000,116,false,"ID,MY,PH,SG,TH,VN",
1341593,42.510000,88.860000,112,false,"ID,MY,PH,SG,TH,VN",
1388124,71.910000,103.090000,36,false,"ID,MY,PH,SG,TH,VN",
1588467,61.410000,87.630000,31,false,"ID,MY,PH,SG,TH,VN",
1600360,59.310000,99.610000,25,false,"ID,MY,PH,SG,TH,VN",
1603137,66.660000,112.550000,36,false,"ID,MY,PH,SG,TH,VN",
1606593,68.760000,113.740000,28,false,"ID,MY,PH,SG,TH,VN",
1259268,63.510000,90.790000,79,false,"ID,MY,PH,SG,TH,VN",
994493,38.440000,80.360000,417,false,"ID,MY,PH,SG,TH,VN",
1073183,44.090000,83.180000,381,false,"ID,MY,PH,SG,TH,VN",
1448862,68.760000,100.050000,73,false,"ID,MY,PH,SG,TH,VN",
1342618,66.660000,93.960000,95,false,"ID,MY,PH,SG,TH,VN",
1304498,56.160000,74.250000,317,false,"ID,MY,PH,SG,TH,VN",
1598608,54.060000,89.200000,45,false,"ID,MY,PH,SG,TH,VN"," Menico"
1397221,61.410000,85.520000,179,false,"ID,MY,PH,SG,TH,VN",
1629759,63.510000,114.560000,21,false,"ID,MY,PH,SG,TH,VN",
1342196,62.460000,87.100000,50,false,"ID,MY,PH,SG,TH,VN",
1125665,43.220000,86.780000,295,false,"ID,MY,PH,SG,TH,VN",
1586895,57.990000,110.140000,19,false,,
1570237,62.460000,88.090000,13,false,"ID,MY,PH,SG,TH,VN",
1606400,75.060000,108.720000,12,false,"ID,MY,PH,SG,TH,VN",
1559449,57.210000,79.450000,31,false,,
1665501,54.060000,75.250000,7,false,"ID,MY,PH,SG,TH,VN",
971741,27.340000,52.580000,22,false,"ID,MY,PH,SG,TH,VN",
