,1449438,1298666,1691615,1338262,1644142,1669842,1698616,1709425,1709391,1709430,1709402,1709444,1333577,1687192,1464879,1664294,1704349,1533898,1693565,1704322,1708769,1301647,1330055,911485,1292298,1694281,1688013,1704511,1333575,1113503,1719483,1118957,1709678,1711623,1709579,1438084,1708759,1709597,1709672,1687237,1662920,1714507,1533900,1462395,1655648,1477378,1412930,1662921,1657095,1644143,1657380,1304377,1462389,1656279,1417905,1466991,1449439,1704386,1651799,1645236,1642775,1522954,1462388,1719491,1439755,1644145,1600024,1693715,1478547,1605588,1667515,1655651,1693703,1431906,1477381,1600683,1702892,1605583
1449438,,5.615710,6.000000,5.846986,6.000000,6.000000,-0.000000,2.000000,2.000000,2.000000,2.000000,2.000000,6.000000,6.000000,6.000000,6.000000,8.000000,6.000000,5.999999,8.000000,6.000000,-0.000000,6.000000,6.000000,6.000000,6.000000,6.000000,8.000000,6.000000,-0.000000,6.000000,6.000000,8.000000,8.000000,8.000000,0.856681,6.000000,8.000000,8.000000,6.000000,6.000000,6.000000,3.222200,5.999999,8.000000,6.000000,6.000000,6.000000,6.000000,5.999908,6.000000,6.000000,5.777121,6.000000,6.031025,5.999431,5.999999,6.000000,6.394677,5.999995,6.000000,6.000000,5.999857,6.000000,5.994043,5.999908,5.991304,6.000000,5.999984,5.877274,6.000000,8.000000,6.000000,6.005349,6.000000,5.999039,8.000000,-0.000000
1298666,6.384290,,6.000000,5.989339,6.000000,6.000000,-0.000000,2.000000,2.000000,2.000000,2.000000,2.000000,6.000000,6.000000,6.000000,6.000000,8.000000,6.000000,6.000000,8.000000,6.000000,-0.000000,6.000000,6.000000,6.000000,6.000000,6.000000,8.000000,6.000000,-0.000000,6.000000,6.000000,8.000000,8.000000,8.000000,0.098550,6.000000,8.000000,8.000000,6.000000,6.000000,6.000000,5.855804,6.000000,8.000000,6.000000,6.000000,6.000000,6.000000,5.999994,6.000000,6.000000,4.023785,6.000000,6.712873,6.000046,6.000000,6.000000,6.073550,6.000000,6.000000,6.000000,5.999989,6.000000,5.999642,5.999994,5.999502,6.000000,5.999999,5.999562,6.000000,8.000000,6.000000,6.067801,6.000000,5.999937,8.000000,-0.000000
1691615,6.000000,6.000000,,6.000000,6.183156,6.000031,0.000000,1.913177,1.877306,1.726939,1.870784,1.546410,6.000247,5.978518,6.001524,5.999701,7.977691,6.004502,6.000001,7.998219,5.999896,0.000140,5.958569,-1.125520,6.000009,5.994529,-1.970381,7.997863,6.024851,-0.008491,6.000023,6.000901,7.999953,7.999629,7.999969,0.000000,2.350000,8.000000,7.999753,5.958851,2.474256,5.977468,6.000000,6.000002,10.063863,6.000020,6.001824,5.977632,6.370138,6.000000,5.999027,6.000000,6.000000,6.004249,6.000000,6.000000,6.000003,5.976774,6.000000,6.000000,6.000000,5.558545,6.000000,1.957005,6.000000,6.000000,6.000000,6.000000,6.000000,6.000000,6.000003,8.041777,6.000000,6.000000,6.000000,6.000000,7.998323,0.000001
1338262,6.153014,6.010661,6.000000,,6.000000,6.000002,-0.000000,2.000000,2.000000,2.000000,2.000000,2.000000,6.000000,6.000000,6.000000,6.000000,8.000000,6.000000,5.999972,8.000000,5.999996,-0.000000,6.000000,6.000000,6.000010,6.000000,6.000000,8.000000,6.000000,-0.000000,5.999998,6.000000,8.000000,8.000000,8.000000,7.325402,6.000000,8.000000,8.000000,6.000000,6.000000,6.000000,6.208100,6.000031,8.000000,5.999998,6.000000,6.000000,6.000000,6.002498,6.000000,6.000000,5.999168,6.000000,6.001670,6.349944,5.999986,6.000000,8.056748,5.999841,6.000000,6.000000,5.997281,6.000000,6.232994,6.002498,6.444262,6.000000,5.999540,9.837429,5.999987,8.000000,6.000000,6.000092,6.000000,6.018095,8.000000,-0.000013
1644142,6.000000,6.000000,5.816844,6.000000,,6.000793,-10.000000,-3.450360,-3.845770,-0.626674,-3.917662,-1.028448,5.999996,3.361075,5.982711,5.681720,5.428630,5.834077,6.000005,7.719588,5.990946,-0.002762,-3.308930,5.796500,6.000257,5.203407,5.781026,7.700173,4.576449,-1.628449,6.000000,5.676637,7.972659,7.912339,7.973527,0.000000,5.749992,7.975212,7.919145,0.945031,5.827617,3.416449,6.000000,6.000061,8.710510,5.999840,5.601703,2.613382,4.899273,6.000000,5.789230,-4.000000,6.000000,5.734137,6.000000,6.000000,6.000000,3.378556,6.000000,5.999997,5.975212,5.924535,6.000000,4.954969,6.000000,6.000000,6.000000,5.975212,5.999999,6.000000,5.999908,8.785235,4.997412,6.000000,5.327945,6.000000,7.725265,-0.000409
1669842,6.000000,6.000000,5.999969,5.999998,5.999207,,-0.001689,1.999155,1.999120,1.999604,1.999113,1.999568,6.000000,5.983588,5.905767,5.942458,7.981559,5.971966,5.358028,7.881791,-3.574129,-0.993239,5.997195,5.999976,6.528955,5.955271,5.999975,7.876605,5.995497,-0.017564,-0.426419,5.957832,7.281282,7.709265,7.293935,0.000003,5.999963,7.318519,7.722697,5.991432,5.999976,5.981499,6.000000,6.078848,7.999956,-1.370413,5.969671,5.989865,5.999640,5.999938,5.873689,5.998311,6.000000,5.974459,6.000000,6.000178,4.350590,5.981314,6.000001,5.775073,5.318519,5.999988,5.995709,5.999867,6.000008,5.999938,6.000010,5.318519,5.936050,6.000001,2.197413,7.997843,5.983151,6.000000,5.974865,5.999940,7.883308,-9.043113
1698616,0.000000,0.000000,0.000000,0.000000,10.000000,0.001689,,2.042929,1.647520,2.392291,1.575627,1.990517,0.000005,-1.172856,0.083229,-0.016307,0.781982,0.245796,0.000076,1.902744,-0.005700,1.007622,-2.262049,-0.130508,0.000494,-0.298722,-0.145983,1.883329,1.356822,0.536393,0.001234,0.049175,1.997447,1.979719,1.998314,1.000000,-0.066852,2.000000,1.986524,-2.246653,-0.064576,-1.230198,0.000000,0.000123,4.063863,0.001074,0.099574,-1.221261,2.194863,0.000001,-0.053126,0.000000,0.000000,0.232008,0.000000,0.000000,0.000167,-1.268092,0.000000,0.000016,0.000000,-0.008086,0.000001,-0.547160,0.000000,0.000001,0.000000,0.000000,0.000005,0.000000,0.000189,4.280921,0.000000,0.000000,0.000000,0.000000,1.908422,1.000045
1709425,0.000000,0.000000,0.086823,0.000000,5.450360,0.000845,1.957071,,5.120000,5.604591,4.960000,4.710426,0.000014,-0.386685,0.047018,0.021574,4.582235,0.149848,0.000041,4.973829,-0.002240,1.004419,-0.341968,-0.255851,0.000245,-0.086575,-0.290289,4.965106,0.875761,0.903172,0.000673,0.057750,5.001225,4.997336,5.001615,1.000000,-0.061959,5.002372,5.000394,-0.740711,-0.092612,-0.423238,0.000000,0.000061,10.234755,0.000601,0.092391,-0.341508,6.446999,0.000001,-0.008783,0.957071,0.000000,0.151898,0.000000,0.000000,0.000091,-0.440265,0.000000,0.000009,0.002372,0.013946,0.000000,-0.981716,0.000000,0.000001,0.000000,0.002372,0.000003,0.000000,0.000112,6.168032,0.095955,0.000000,0.064320,0.000000,4.976381,1.000064
1709391,0.000000,0.000000,0.122694,0.000000,5.845770,0.000880,2.352480,6.880000,,6.000000,5.840000,5.105835,0.000016,-0.328715,0.050992,0.033514,4.635748,0.166127,0.000044,4.981072,-0.002107,1.004829,-0.063327,-0.241556,0.000254,-0.066889,-0.275994,4.972348,0.985699,0.949230,0.000721,0.072481,5.002205,5.000000,5.002595,1.000000,-0.026088,5.003352,5.003058,-0.629667,-0.071499,-0.369725,0.000000,0.000064,10.499806,0.000649,0.112078,-0.255888,7.092432,0.000001,-0.002550,1.352480,0.000000,0.171584,0.000000,0.000000,0.000098,-0.386752,0.000000,0.000010,0.003352,0.027142,0.000000,-0.884209,0.000000,0.000001,0.000000,0.003352,0.000003,0.000000,0.000123,6.227173,0.135598,0.000000,0.090894,0.000000,4.983623,1.000082
1709430,0.000000,0.000000,0.273061,0.000000,2.626674,0.000396,1.607709,6.395409,6.000000,,5.928107,4.010000,0.000035,-0.147701,0.022912,0.015059,4.836331,0.074646,0.000020,4.991495,-0.000947,1.002170,-0.028455,-0.537593,0.000114,-0.030055,-0.614237,4.987575,0.442903,0.977188,0.000324,0.032568,5.000991,5.000000,5.001166,1.000000,-0.058059,5.001506,5.001374,-0.282928,-0.159123,-0.166128,0.000000,0.000029,17.240044,0.000292,0.050360,-0.114978,5.924097,0.000000,-0.001146,0.607709,0.000000,0.077098,0.000000,0.000000,0.000044,-0.173779,0.000000,0.000004,0.001506,0.060406,0.000000,-1.967844,0.000000,0.000000,0.000000,0.001506,0.000001,0.000000,0.000055,5.551404,0.060928,0.000000,0.040841,0.000000,4.992641,1.000037
1709402,0.000000,0.000000,0.129216,0.000000,5.917662,0.000887,2.424373,7.040000,6.160000,6.071893,,5.177728,0.000016,-0.318175,0.051715,0.035685,4.645477,0.169087,0.000044,4.982388,-0.002083,1.004904,-0.012665,-0.238957,0.000256,-0.063309,-0.273395,4.973665,1.005688,0.957605,0.000730,0.075159,5.002383,5.000484,5.002773,1.000000,-0.019566,5.003531,5.003542,-0.609477,-0.067660,-0.359996,0.000000,0.000064,10.547997,0.000658,0.115657,-0.240320,7.209784,0.000001,-0.001417,1.424373,0.000000,0.175163,0.000000,0.000000,0.000099,-0.377022,0.000000,0.000010,0.003531,0.029541,0.000000,-0.866481,0.000000,0.000001,0.000000,0.003531,0.000003,0.000000,0.000125,6.237926,0.142806,0.000000,0.095726,0.000000,4.984940,1.000085
1709444,0.000000,0.000000,0.453590,0.000000,3.028448,0.000432,2.009483,7.289574,6.894165,7.990000,6.822272,,0.000043,-0.088798,0.026951,0.027191,4.890705,0.091188,0.000022,4.998854,-0.000812,1.002587,0.254671,-0.465648,0.000124,-0.010052,-0.542292,4.994934,0.554611,1.023988,0.000374,0.047535,5.001987,5.002707,5.002162,1.000000,0.122469,5.002502,5.004081,-0.170097,-0.052863,-0.111754,0.000000,0.000031,18.573981,0.000341,0.070363,-0.027979,7.143224,0.000000,0.005188,1.009483,0.000000,0.097101,0.000000,0.000000,0.000051,-0.119405,0.000000,0.000005,0.002502,0.126818,0.000000,-1.477116,0.000000,0.000000,0.000000,0.002502,0.000002,0.000000,0.000066,5.611497,0.101210,0.000000,0.067843,0.000000,5.000000,1.000055
1333577,6.000000,6.000000,5.999753,6.000000,6.000004,6.000000,-0.000005,1.999986,1.999984,1.999965,1.999984,1.999957,,5.999998,6.000000,6.000000,7.999998,6.000000,6.000000,8.000000,6.000000,0.000000,5.999995,5.997344,6.000000,6.000000,5.997103,8.000000,6.000000,-0.000001,6.000000,6.000000,8.000000,8.000000,8.000000,0.000000,5.999588,8.000000,8.000000,5.999997,5.999119,5.999998,6.000000,6.000000,8.000060,6.000000,6.000000,5.999998,6.000003,6.000000,6.000000,5.999995,6.000000,6.000000,6.000000,6.000000,6.000000,5.999998,6.000000,6.000000,6.000000,5.999182,6.000000,5.999726,6.000000,6.000000,6.000000,6.000000,6.000000,6.000000,6.000000,8.000001,6.000000,6.000000,6.000000,6.000000,8.000000,-0.000000
1687192,6.000000,6.000000,6.021482,6.000000,8.638925,6.016412,1.172856,2.386685,2.328715,2.147701,2.318175,2.088798,6.000002,,7.116208,7.536574,7.076884,9.923218,6.000902,8.336062,5.979429,0.108659,6.996536,5.989427,6.004664,6.679191,5.987159,8.203636,12.791526,3.194025,6.015152,8.368277,8.117845,8.229337,8.123763,0.000000,6.011681,8.135260,8.275756,6.000000,6.003177,4.993803,6.000000,6.001173,8.461305,6.014058,9.395955,7.597854,6.708307,6.000010,6.497857,7.172856,6.000000,10.299279,6.000000,6.000000,6.002051,4.735331,6.000000,6.000212,6.135260,6.006717,6.000008,5.978176,6.000000,6.000010,6.000000,6.135260,6.000068,6.000000,6.002821,30.789619,11.470891,6.000000,9.667248,6.000001,8.374791,0.002787
1464879,6.000000,6.000000,5.998476,6.000000,6.017289,6.094233,-0.083229,1.952982,1.949008,1.977088,1.948285,1.973049,6.000000,4.883792,,3.064077,6.716553,5.436029,6.001709,0.541650,5.156657,-0.097113,5.836104,5.998081,6.029638,3.116918,5.997925,-0.040090,5.877080,-1.057959,6.021117,4.122052,5.704182,0.432087,5.790491,0.000000,5.997804,5.958177,1.109110,5.417288,5.998454,4.709868,6.000000,6.007164,8.009482,6.005156,4.732090,5.353818,5.994633,6.000058,-1.428368,5.916771,6.000000,5.269135,6.000000,6.000003,6.002858,4.689071,6.000000,6.000000,3.958177,5.999358,6.000020,5.990356,6.000001,6.000058,6.000001,3.958177,6.000046,6.000000,5.995640,8.468422,5.169857,6.000000,4.761572,6.000005,0.711781,-0.032881
1664294,6.000000,6.000000,6.000299,6.000000,6.318280,6.057542,0.016307,1.978426,1.966486,1.984941,1.964315,1.972809,6.000000,4.463426,8.935923,,6.112319,10.774740,6.002633,5.106849,5.817257,0.270990,5.885585,5.996178,6.016788,2.688343,5.995711,4.463926,6.588661,-0.891786,6.043075,7.507687,7.959778,7.448869,7.988508,0.000000,5.998280,8.044326,7.674230,5.197838,5.998226,4.092237,6.000000,6.004179,8.064530,6.037762,7.540588,5.288770,6.071653,6.000035,4.522610,6.016307,6.000000,9.153959,6.000000,6.000002,6.005830,4.029761,6.000000,6.000557,6.044326,5.999866,6.000023,5.984289,6.000001,6.000035,6.000000,6.044326,6.000186,6.000000,6.006754,11.187946,6.162645,6.000000,6.242638,6.000003,5.294873,0.002315
1704349,6.000000,6.000000,6.022309,6.000000,8.571370,6.018441,1.218018,5.417765,5.364252,5.163669,5.354523,5.109295,6.000002,6.923116,7.283447,7.887681,,10.554192,6.001029,11.499387,5.980195,0.125383,7.111969,5.991228,6.005228,7.103638,5.989134,11.355932,12.756121,4.320754,6.017326,8.840794,11.145976,11.298225,11.152386,0.000000,6.013261,11.164841,11.348509,6.481909,6.004392,5.910000,6.000000,6.001317,11.444154,6.016140,10.046674,8.100008,6.698451,6.000011,6.655806,7.218018,6.000000,11.025233,6.000000,6.000000,6.002345,5.630000,6.000000,6.000243,6.164841,6.007113,6.000009,5.986591,6.000000,6.000011,6.000000,6.164841,6.000078,6.000000,6.003263,32.942307,12.667364,6.000000,10.469268,6.000001,11.541341,0.003355
1533898,6.000000,6.000000,5.995498,6.000000,6.165923,6.028034,-0.245796,1.850152,1.833873,1.925354,1.830913,1.908812,6.000000,2.076782,6.563971,1.225260,3.445808,,6.000814,2.982001,5.812925,0.034555,5.463652,5.992833,6.008566,-3.898701,5.992196,2.510451,5.838592,-3.516874,6.012080,1.792506,7.578565,6.530386,7.599637,0.000000,5.992746,7.640576,6.695677,3.951901,5.994691,1.418428,6.000000,6.002094,8.051708,6.008183,2.716972,3.792486,6.009362,6.000017,2.423780,5.754204,6.000000,4.916684,6.000000,6.000001,6.001635,1.333246,6.000000,6.000107,5.640576,5.998011,6.000008,5.965235,6.000000,6.000017,6.000000,5.640576,6.000044,6.000000,6.000512,10.554513,3.548385,6.000000,2.342620,6.000002,3.119907,-0.005480
1693565,6.000001,6.000000,5.999999,6.000028,5.999995,6.641972,-0.000076,1.999959,1.999956,1.999980,1.999956,1.999978,6.000000,5.999098,5.998291,5.997367,7.998971,5.999186,,7.993818,5.416416,-0.022935,5.999860,5.999999,9.023720,5.997628,5.999998,7.993409,5.999852,-0.000891,5.959339,5.998219,7.966526,7.985609,7.967524,0.000050,5.999998,7.969463,7.986668,5.999529,5.999999,5.998966,6.000002,14.076338,8.000004,5.884890,5.998764,5.999466,5.999991,6.062940,5.993688,5.999924,6.000000,5.999141,6.000000,6.004109,5.699555,5.998951,6.000015,5.344337,5.969463,5.999999,6.009316,5.999992,6.001004,6.062940,6.000695,5.969463,5.864028,6.000033,4.996202,8.000215,5.999245,6.000000,5.998874,6.005757,7.993938,-1.511581
1704322,6.000000,6.000000,6.001781,6.000000,6.280412,6.118209,0.097256,5.026171,5.018928,5.008505,5.017612,5.001146,6.000000,5.663938,13.458350,8.893151,10.500613,11.017999,6.006182,,5.786073,0.717241,6.054581,5.998320,6.033852,5.746163,5.998036,9.940000,6.671264,0.209125,6.103158,9.259601,11.579235,11.846123,11.626602,0.000000,6.000557,11.718630,12.217681,5.824560,5.999866,5.488433,6.000000,6.008491,11.050963,6.094399,8.689199,5.972087,6.072252,6.000073,7.669773,6.097256,6.000000,9.667758,6.000000,6.000003,6.013961,5.450539,6.000000,6.001415,6.718630,6.000507,6.000052,5.994821,6.000001,6.000073,6.000001,6.718630,6.000460,6.000000,6.018452,13.517704,6.970050,6.000000,7.447144,6.000007,11.310000,0.015641
1708769,6.000000,6.000000,6.000104,6.000004,6.009054,15.574129,0.005700,2.002240,2.002107,2.000947,2.002083,2.000812,6.000000,6.020571,6.843343,6.182743,8.019805,6.187075,6.583584,8.213927,,7.859399,6.006560,5.999998,8.673442,6.074050,5.999993,8.194512,6.026387,0.037467,15.929066,6.164877,10.159951,8.696023,10.207318,0.000002,6.000082,10.299346,8.746308,6.010739,6.000040,6.019582,6.000000,6.677495,8.001464,15.450823,6.127954,6.017584,6.002615,6.005895,6.289830,6.005700,6.000000,6.145877,6.000000,6.000219,7.343753,6.018888,6.000001,6.143649,8.299346,6.000036,6.004765,6.000100,6.000086,6.005895,6.000055,8.299346,6.045520,6.000002,7.985552,8.072310,6.056848,6.000000,6.084807,6.000589,8.219605,2.434682
1301647,0.000000,0.000000,-0.000140,0.000000,0.002762,0.993239,0.992378,2.995581,2.995171,2.997830,2.995096,2.997413,-0.000000,-0.108659,0.097113,-0.270990,1.874617,-0.034555,0.022935,1.282759,-7.859399,,-0.015547,-0.000191,0.308335,-0.278251,-0.000207,1.222658,-0.009188,0.899080,0.316107,-0.167812,-1.506624,0.404820,-1.359991,1.000000,-0.000209,-1.075104,0.560485,-0.056725,-0.000149,-0.126073,0.000000,0.074904,2.001112,0.161619,-0.111384,-0.062250,-0.000233,0.000608,-0.705519,-0.007622,-0.000000,-0.055900,0.000000,0.000033,0.042780,-0.128222,0.000000,0.001726,-3.075104,-0.000060,0.000243,-0.000948,0.000009,0.000608,0.000006,-3.075104,0.000976,0.000000,-0.016772,2.054920,-0.076027,0.000000,-0.113420,0.000058,1.300335,0.722829
1330055,6.000000,6.000000,6.041431,6.000000,15.308930,6.002805,2.262049,2.341968,2.063327,2.028455,2.012665,1.745329,6.000005,5.003464,6.163896,6.114415,6.888031,6.536348,6.000140,7.945419,5.993440,0.015547,,5.924543,6.000809,5.802883,5.913639,7.917868,9.191940,-0.127280,6.002313,6.239482,8.007668,8.001912,8.008899,0.000000,5.994321,8.011291,8.011570,4.091094,5.978880,4.870747,6.000000,6.000202,9.760515,6.002086,6.368093,5.253313,8.292172,6.000002,5.996421,8.262049,6.000000,6.556025,6.000000,6.000000,6.000313,4.816973,6.000000,6.000031,6.011291,6.009544,6.000001,5.727044,6.000000,6.000002,6.000000,6.011291,6.000010,6.000000,6.000396,11.918098,6.456700,6.000000,6.306135,6.000000,7.953476,0.000271
911485,6.000000,6.000000,13.125520,6.000000,6.203500,6.000024,0.130508,2.255851,2.241556,2.537593,2.238957,2.465648,6.002656,6.010573,6.001919,6.003822,8.008772,6.007167,6.000001,8.001680,6.000002,0.000191,6.075457,,6.000007,6.004317,3.880000,8.001539,6.046190,0.011818,6.000025,6.005221,8.000305,8.000731,8.000311,0.000000,11.670926,8.000323,8.000781,6.020252,14.050206,6.008683,6.000000,6.000002,9.786823,6.000024,6.007224,6.019346,6.543516,6.000000,6.001670,6.130508,6.000000,6.008191,6.000000,6.000000,6.000003,6.008406,6.000000,6.000000,6.000323,21.397581,6.000000,7.010122,6.000000,6.000000,6.000000,6.000323,6.000000,6.000000,6.000005,8.036169,6.013085,6.000000,6.008771,6.000000,8.001722,0.000006
1292298,6.000000,6.000000,5.999991,5.999990,5.999743,5.471045,-0.000494,1.999755,1.999746,1.999886,1.999744,1.999876,6.000000,5.995336,5.970362,5.983212,7.994772,5.991434,2.976280,7.966148,3.326558,-0.308335,5.999191,5.999993,,5.987218,5.999993,7.964777,5.998639,-0.005052,3.916258,5.987575,7.790792,7.916072,7.794139,0.000011,5.999989,7.800641,7.919625,5.997565,5.999993,5.994757,6.000000,5.779646,7.999982,3.666594,5.991027,5.997101,5.999889,5.995098,5.963587,5.999506,6.000000,5.992293,6.000000,6.000538,-1.645866,5.994708,6.000003,4.988623,5.800641,5.999996,5.979107,5.999962,5.999965,5.995098,5.999996,5.800641,5.708757,6.000004,-5.920984,7.999113,5.995071,6.000000,5.992647,5.999296,7.966550,-10.362609
1694281,6.000000,6.000000,6.005471,6.000000,6.796593,6.044729,0.298722,2.086575,2.066889,2.030055,2.063309,2.010052,6.000000,5.320809,8.883082,9.311657,6.896362,15.898701,6.002372,8.253837,5.925950,0.278251,6.197117,5.995683,6.012782,,5.994912,7.863885,7.948240,0.863378,6.039660,11.477289,8.247442,8.404652,8.264867,0.000000,6.002143,8.298722,8.541341,5.645431,6.000005,4.863253,6.000000,6.003209,8.143181,6.036438,14.000000,6.082773,6.207722,6.000028,6.832755,6.298722,6.000000,16.660000,6.000000,6.000001,6.005367,4.760246,6.000000,6.000547,6.298722,6.001610,6.000020,5.987631,6.000000,6.000028,6.000000,6.298722,6.000177,6.000000,6.007177,15.073511,8.979512,6.000000,10.444909,6.000003,8.367879,0.006383
1688013,6.000000,6.000000,13.970381,6.000000,6.218974,6.000025,0.145983,2.290289,2.275994,2.614237,2.273395,2.542292,6.002897,6.012841,6.002075,6.004289,8.010866,6.007804,6.000002,8.001964,6.000007,0.000207,6.086361,8.120000,6.000007,6.005088,,8.001822,6.050492,0.013621,6.000027,6.005797,8.000343,8.000836,8.000350,0.000000,12.515786,8.000362,8.000885,6.024598,15.485567,6.010777,6.000000,6.000002,9.901162,6.000026,6.007995,6.022696,6.590470,6.000000,6.001914,6.145983,6.000000,6.008962,6.000000,6.000000,6.000004,6.010501,6.000000,6.000000,6.000362,23.354587,6.000000,7.320929,6.000000,6.000000,6.000000,6.000362,6.000000,6.000000,6.000005,8.038483,6.014636,6.000000,6.009811,6.000000,8.002005,0.000007
1704511,6.000000,6.000000,6.002137,6.000000,6.299827,6.123395,0.116671,5.034894,5.027652,5.012425,5.026335,5.005066,6.000000,5.796364,14.040090,9.536074,10.644068,11.489549,6.006591,12.060000,5.805488,0.777342,6.082132,5.998461,6.035223,6.136115,5.998178,,6.741091,0.375797,6.110300,9.780744,11.722690,12.236075,11.770058,0.000000,6.000912,11.862086,12.607633,5.893693,6.000075,5.631888,6.000000,6.008846,11.053591,6.101541,9.079151,6.061747,6.078650,6.000076,8.582124,6.116671,6.000000,10.057710,6.000000,6.000003,6.014928,5.593994,6.000000,6.001525,6.862086,6.000638,6.000055,5.995787,6.000001,6.000076,6.000001,6.862086,6.000494,6.000000,6.020078,13.647508,7.163694,6.000000,7.736028,6.000007,12.370000,0.018268
1333575,6.000000,6.000000,5.975149,6.000000,7.423551,6.004503,-1.356822,1.124239,1.014301,1.557097,0.994312,1.445389,6.000000,-0.791526,6.122920,5.411339,1.243879,6.161408,6.000148,7.328736,5.973613,0.009188,2.808060,5.953810,6.001361,4.051760,5.949508,7.258909,,-3.711911,6.002273,5.523000,7.947311,7.808794,7.950432,0.000000,5.956562,7.956494,7.833270,-6.751842,5.967418,-0.799929,6.000000,6.000334,8.390205,6.001696,5.484289,-2.192984,6.163101,6.000003,5.532234,4.643178,6.000000,5.960605,6.000000,6.000000,6.000308,-0.936220,6.000000,6.000023,5.956494,5.988610,6.000001,5.780317,6.000000,6.000003,6.000000,5.956494,6.000009,6.000000,6.000186,13.578484,4.240297,6.000000,4.820436,6.000000,7.349157,-0.000634
1113503,0.000000,0.000000,0.008491,0.000000,1.628449,0.017564,1.463607,3.096828,3.050770,3.022812,3.042395,2.976012,0.000001,-3.194025,1.057959,0.891786,-2.320754,3.516874,0.000891,1.790875,-0.037467,1.100920,0.127280,-0.011818,0.005052,-0.863378,-0.013621,1.624203,3.711911,,0.014811,1.695041,2.062775,2.056109,2.070223,1.000000,0.000704,2.084693,2.114532,-1.667427,-0.002524,-4.398218,0.000000,0.001265,2.303150,0.013434,2.555941,-0.892988,0.408453,0.000011,0.082555,0.463607,0.000000,3.692865,0.000000,0.000000,0.002004,-4.639216,0.000000,0.000201,0.084693,0.002182,0.000008,-0.040654,0.000000,0.000011,0.000000,0.084693,0.000066,0.000000,0.002581,16.976339,3.425618,0.000000,2.296260,0.000001,1.839618,1.001941
1719483,6.000000,6.000000,5.999977,6.000002,6.000000,12.426419,-0.001234,1.999327,1.999279,1.999676,1.999270,1.999626,6.000000,5.984848,5.978883,5.956925,7.982674,5.987920,6.040661,7.896842,-3.929066,-0.316107,5.997687,5.999975,8.083742,5.960340,5.999973,7.889700,5.997727,-0.014811,,5.971246,7.450849,7.761714,7.468274,0.000003,5.999969,7.502129,7.780212,5.992090,5.999979,5.982592,6.000000,6.497871,8.000088,4.700000,5.980170,5.991086,5.999864,6.003923,5.895335,5.998766,6.000000,5.986763,6.000000,6.000245,6.000000,5.982337,6.000001,5.973422,5.502129,5.999991,6.000852,5.999871,6.000062,6.003923,6.000043,5.502129,5.995584,6.000002,5.253348,8.004332,5.987691,6.000000,5.981637,6.000362,7.898931,-3.310915
1118957,6.000000,6.000000,5.999099,6.000000,6.323363,6.042168,-0.049175,1.942250,1.927519,1.967432,1.924841,1.952465,6.000000,3.631723,7.877948,4.492313,5.159206,10.207494,6.001781,4.740399,5.835123,0.167812,5.760518,5.994779,6.012425,0.522711,5.994203,4.219256,6.477000,-1.695041,6.028754,,7.843639,7.216851,7.866926,0.000000,5.996609,7.912171,7.399526,4.763651,5.997064,3.134431,6.000000,6.003081,8.070232,6.024448,6.508819,4.802568,6.065561,6.000026,4.015370,5.950825,6.000000,8.499200,6.000000,6.000001,6.003891,3.057355,6.000000,6.000356,5.912171,5.999367,6.000016,5.977168,6.000000,6.000026,6.000000,5.912171,6.000122,6.000000,6.004072,11.469619,5.509519,6.000000,5.268288,6.000003,4.892809,-0.000390
1709678,6.000000,6.000000,6.000047,6.000000,6.027341,6.718718,0.002553,4.998775,4.997795,4.999009,4.997617,4.998013,6.000000,5.882155,8.295818,6.040222,10.854024,6.421435,6.033474,10.420765,3.840049,3.506624,5.992332,5.999695,6.209208,5.752558,5.999657,10.277310,6.052689,-0.062775,6.549151,6.156361,,10.271599,11.350000,0.000000,5.999881,12.030000,10.643157,5.938479,5.999867,5.852376,6.000000,6.052128,11.005461,6.484428,6.150855,5.947228,6.006282,6.000442,5.632065,6.002553,6.000000,6.283288,6.000000,6.000019,6.074320,5.847248,6.000000,6.007162,7.030000,5.999997,6.000289,5.998771,6.000007,6.000442,6.000004,7.030000,6.002388,6.000000,6.087834,11.269803,6.025465,6.000000,6.037990,6.000043,10.462719,0.037181
1711623,6.000000,6.000000,6.000371,6.000000,6.087661,6.290735,0.020281,5.002664,5.000000,5.000000,4.999516,4.997293,6.000000,5.770663,13.567913,6.551131,10.701775,7.469614,6.014391,10.153877,5.303977,1.595180,5.998088,5.999269,6.083928,5.595348,5.999164,9.763925,6.191206,-0.056109,6.238286,6.783149,11.728401,,11.857159,0.000000,5.999921,12.107317,12.010000,5.880276,5.999784,5.697295,6.000000,6.020982,11.016651,6.214476,6.678030,5.918162,6.021473,6.000179,5.846131,6.020281,6.000000,7.038022,6.000000,6.000008,6.032249,5.683354,6.000000,6.003195,7.107317,6.000082,6.000122,5.997323,6.000003,6.000179,6.000002,7.107317,6.001051,6.000000,6.040568,11.822598,6.202289,6.000000,6.301779,6.000018,10.267920,0.027019
1709579,6.000000,6.000000,6.000031,6.000000,6.026473,6.706065,0.001686,4.998385,4.997405,4.998834,4.997227,4.997838,6.000000,5.876237,8.209509,6.011492,10.847614,6.400363,6.032476,10.373398,3.792682,3.359991,5.991101,5.999689,6.205861,5.735133,5.999650,10.229942,6.049568,-0.070223,6.531726,6.133074,10.650000,10.142841,,0.000000,5.999865,11.680000,10.514399,5.935390,5.999858,5.845965,6.000000,6.051261,11.005344,6.467003,6.133429,5.943221,6.005996,6.000434,5.577032,6.001686,6.000000,6.265863,6.000000,6.000019,6.071961,5.840837,6.000000,6.006893,6.680000,5.999991,6.000281,5.998728,6.000006,6.000434,6.000004,6.680000,6.002305,6.000000,6.083867,11.264003,6.016812,6.000000,6.025081,6.000042,10.415352,0.030770
1438084,-0.856681,-0.098550,-0.000000,-7.325402,-0.000000,-0.000003,1.000000,3.000000,3.000000,3.000000,3.000000,3.000000,-0.000000,-0.000000,-0.000000,-0.000000,2.000000,-0.000000,-0.000050,2.000000,-0.000002,1.000000,-0.000000,-0.000000,-0.000011,-0.000000,-0.000000,2.000000,-0.000000,1.000000,-0.000003,-0.000000,2.000000,2.000000,2.000000,,-0.000000,2.000000,2.000000,-0.000000,-0.000000,-0.000000,-4.140059,-0.000044,2.000000,-0.000003,-0.000000,-0.000000,-0.000000,-0.005044,-0.000000,-0.000000,-0.017881,-0.000000,-0.006212,-0.117288,-0.000021,-0.000000,-7.038438,-0.000196,-0.000000,-0.000000,-0.006162,-0.000000,-0.345137,-0.005044,-0.530604,-0.000000,-0.000625,-14.437457,-0.000014,2.000000,-0.000000,0.000024,-0.000000,-0.050670,2.000000,0.999990
1708759,6.000000,6.000000,9.650000,6.000000,6.250008,6.000037,0.066852,2.061959,2.026088,2.058059,2.019566,1.877531,6.000412,5.988319,6.002196,6.001720,7.986739,6.007254,6.000002,7.999443,5.999918,0.000209,6.005679,0.329074,6.000011,5.997857,-0.515786,7.999088,6.043438,-0.000704,6.000031,6.003391,8.000119,8.000079,8.000135,0.000000,,8.000166,8.000204,5.977625,4.622664,5.986516,6.000000,6.000003,10.557837,6.000028,6.005152,5.992108,6.572991,6.000000,6.000081,6.066852,6.000000,6.007578,6.000000,6.000000,6.000004,5.985822,6.000000,6.000000,6.000166,6.901305,6.000000,3.299765,6.000000,6.000000,6.000000,6.000166,6.000000,6.000000,6.000005,8.051776,6.006703,6.000000,6.004493,6.000000,7.999547,0.000004
1709597,6.000000,6.000000,6.000000,6.000000,6.024788,6.681481,0.000000,4.997628,4.996648,4.998494,4.996469,4.997498,6.000000,5.864740,8.041823,5.955674,10.835159,6.359424,6.030537,10.281370,3.700654,3.075104,5.988709,5.999677,6.199359,5.701278,5.999638,10.137914,6.043506,-0.084693,6.497871,6.087829,9.970000,9.892683,10.320000,0.000000,5.999834,,10.264241,5.929388,5.999840,5.833511,6.000000,6.049575,11.005116,6.433147,6.099574,5.935437,6.005441,6.000419,5.470111,6.000000,6.000000,6.232008,6.000000,6.000019,6.067379,5.828382,6.000000,6.006370,6.000000,5.999980,6.000266,5.998644,6.000006,6.000419,6.000004,6.000000,6.002144,6.000000,6.076161,11.252733,6.000000,6.000000,6.000000,6.000041,10.323324,0.018316
1709672,6.000000,6.000000,6.000247,6.000000,6.080855,6.277303,0.013476,4.999606,4.996942,4.998626,4.996458,4.995919,6.000000,5.724244,12.890890,6.325770,10.651491,7.304323,6.013332,9.782319,5.253692,1.439515,5.988430,5.999219,6.080375,5.458659,5.999115,9.392367,6.166730,-0.114532,6.219788,6.600474,11.356843,9.990000,11.485601,0.000000,5.999796,11.735759,,5.856043,5.999710,5.647010,6.000000,6.020061,11.015730,6.195977,6.541341,5.886734,6.019230,6.000170,5.414442,6.013476,6.000000,6.901333,6.000000,6.000007,6.029745,5.633069,6.000000,6.002909,6.735759,6.000036,6.000114,5.996984,6.000003,6.000170,6.000002,6.735759,6.000963,6.000000,6.036357,11.777099,6.134411,6.000000,6.200518,6.000017,9.896362,0.020214
1687237,6.000000,6.000000,6.041149,6.000000,11.054969,6.008568,2.246653,2.740711,2.629667,2.282928,2.609477,2.170097,6.000003,6.000000,6.582712,6.802162,7.518091,8.048099,6.000471,8.175440,5.989261,0.056725,7.908906,5.979748,6.002435,6.354569,5.975402,8.106307,18.751842,1.667427,6.007910,7.236349,8.061521,8.119724,8.064610,0.000000,6.022375,8.070612,8.143957,,6.006085,5.474719,6.000000,6.000613,8.883649,6.007339,7.772844,7.819682,7.356791,6.000005,6.259904,8.246653,6.000000,8.244421,6.000000,6.000000,6.001071,5.339785,6.000000,6.000111,6.070612,6.012867,6.000004,5.958194,6.000000,6.000005,6.000000,6.070612,6.000036,6.000000,6.001473,20.382759,8.856056,6.000000,7.914471,6.000001,8.195658,0.001455
1662920,6.000000,6.000000,9.525744,6.000000,6.172383,6.000024,0.064576,2.092612,2.071499,2.159123,2.067660,2.052863,6.000881,5.996823,6.001546,6.001774,7.995608,6.005309,6.000001,8.000134,5.999960,0.000149,6.021120,-2.050206,6.000007,5.999995,-3.485567,7.999925,6.032582,0.002524,6.000021,6.002936,8.000133,8.000216,8.000142,0.000000,7.377336,8.000160,8.000290,5.993915,,5.995477,6.000000,6.000002,9.691958,6.000020,6.004289,6.000817,6.413812,6.000000,6.000445,6.064576,6.000000,6.005716,6.000000,6.000000,6.000003,5.995069,6.000000,6.000000,6.000160,8.993761,6.000000,4.917322,6.000000,6.000000,6.000000,6.000160,6.000000,6.000000,6.000004,8.034248,6.006474,6.000000,6.004340,6.000000,8.000195,0.000003
1714507,6.000000,6.000000,6.022532,6.000000,8.583551,6.018501,1.230198,2.423238,2.369725,2.166128,2.359996,2.111754,6.000002,7.006197,7.290132,7.907763,8.090000,10.581572,6.001034,8.511567,5.980418,0.126073,7.129253,5.991317,6.005243,7.136747,5.989223,8.368112,12.799929,4.398218,6.017408,8.865569,8.147624,8.302705,8.154035,0.000000,6.013484,8.166489,8.352990,6.525281,6.004523,,6.000000,6.001321,8.445803,6.016222,10.079783,8.156258,6.702465,6.000011,6.666289,7.230198,6.000000,11.058342,6.000000,6.000000,6.002356,5.720000,6.000000,6.000245,6.166489,6.007195,6.000009,5.987198,6.000000,6.000011,6.000000,6.166489,6.000079,6.000000,6.003282,30.023743,12.734038,6.000000,10.513960,6.000001,8.553521,0.003385
1533900,8.777800,6.144196,6.000000,5.791900,6.000000,6.000000,-0.000000,2.000000,2.000000,2.000000,2.000000,2.000000,6.000000,6.000000,6.000000,6.000000,8.000000,6.000000,5.999998,8.000000,6.000000,-0.000000,6.000000,6.000000,6.000000,6.000000,6.000000,8.000000,6.000000,-0.000000,6.000000,6.000000,8.000000,8.000000,8.000000,4.140059,6.000000,8.000000,8.000000,6.000000,6.000000,6.000000,,6.000000,8.000000,6.000000,6.000000,6.000000,6.000000,5.999922,6.000000,6.000000,5.956278,6.000000,6.034298,6.005758,5.999999,6.000000,10.062225,5.999990,6.000000,6.000000,5.999754,6.000000,5.996247,5.999922,5.996466,6.000000,5.999970,6.454161,5.999999,8.000000,6.000000,6.002362,6.000000,5.999031,8.000000,-0.000001
1462395,6.000001,6.000000,5.999998,5.999969,5.999939,5.921152,-0.000123,1.999939,1.999936,1.999971,1.999936,1.999969,6.000000,5.998827,5.992836,5.995821,7.998683,5.997906,-2.076338,7.991509,5.322505,-0.074904,5.999798,5.999998,6.220354,5.996791,5.999998,7.991154,5.999666,-0.001265,5.502129,5.996919,7.947872,7.979018,7.948739,0.000044,5.999997,7.950425,7.979939,5.999387,5.999998,5.998679,6.000000,,7.999996,5.437406,5.997779,5.999272,5.999973,5.988744,5.990891,5.999877,6.000000,5.998107,6.000000,6.002299,2.321206,5.998667,6.000011,2.362499,5.950425,5.999999,5.927061,5.999991,5.999973,5.988744,6.000054,5.950425,4.957615,6.000016,3.095506,7.999805,5.998774,6.000000,5.998172,5.998066,7.991613,-2.571370
1655648,6.000000,6.000000,3.936137,6.000000,5.289490,6.000044,-2.063863,-0.234755,-0.499806,-7.240044,-0.547997,-8.573981,5.999940,5.538695,5.990518,5.935470,10.555846,5.948292,5.999996,10.949037,5.998536,-0.001112,4.239485,4.213177,6.000018,5.856819,4.098838,10.946409,5.609795,-0.303150,5.999912,5.929768,10.994539,10.983349,10.994656,0.000000,3.442163,10.994884,10.984270,5.116351,4.308042,5.554197,6.000000,6.000004,,5.999891,5.910722,5.387820,2.472467,6.000000,5.960275,3.936137,6.000000,5.928645,6.000000,6.000000,5.999988,5.549069,6.000000,5.999998,5.994884,5.181003,6.000000,-3.653157,6.000000,6.000000,6.000000,5.994884,6.000000,6.000000,5.999968,11.000000,5.793079,6.000000,5.861297,6.000000,10.949805,-0.000088
1477378,6.000000,6.000000,5.999980,6.000002,6.000160,13.370413,-0.001074,1.999399,1.999351,1.999708,1.999342,1.999659,6.000000,5.985942,5.994844,5.962238,7.983860,5.991817,6.115110,7.905601,-3.450823,-0.161619,5.997914,5.999976,8.333406,5.963562,5.999974,7.898459,5.998304,-0.013434,7.300000,5.975552,7.515572,7.785524,7.532997,0.000003,5.999972,7.566853,7.804023,5.992661,5.999980,5.983778,6.000000,6.562594,8.000109,,5.983392,5.991827,5.999917,6.004506,5.905511,5.998926,6.000000,5.989986,6.000000,6.000261,6.175936,5.983522,6.000001,5.993510,5.566853,5.999992,6.001435,5.999879,6.000070,6.004506,6.000048,5.566853,6.001757,6.000002,5.549277,8.005404,5.989291,6.000000,5.984024,6.000422,7.907690,-2.832672
1412930,6.000000,6.000000,5.998176,6.000000,6.398297,6.030329,-0.099574,1.907609,1.887922,1.949640,1.884343,1.929637,6.000000,2.604045,7.267910,4.459412,3.953326,9.283028,6.001236,5.310801,5.872046,0.111384,5.631907,5.992776,6.008973,-2.000000,5.992005,4.920849,6.515711,-2.555941,6.019830,5.491181,7.849145,7.321970,7.866571,0.000000,5.994848,7.900426,7.458659,4.227156,5.995711,1.920217,6.000000,6.002221,8.089278,6.016608,,4.243369,6.076460,6.000019,4.299661,5.900426,6.000000,8.660000,6.000000,6.000001,6.002684,1.817211,6.000000,6.000241,5.900426,5.998927,6.000011,5.967801,6.000000,6.000019,6.000000,5.900426,6.000083,6.000000,6.002663,12.410542,5.006829,6.000000,4.518364,6.000002,5.424844,-0.000912
1662921,6.000000,6.000000,6.022368,6.000000,9.386618,6.010135,1.221261,2.341508,2.255888,2.114978,2.240320,2.027979,6.000002,4.402146,6.646182,6.711230,5.899992,8.207514,6.000534,8.027913,5.982416,0.062250,6.746687,5.980654,6.002899,5.917227,5.977304,7.938253,14.192984,0.892988,6.008914,7.197432,8.052772,8.081838,8.056779,0.000000,6.007892,8.064563,8.113266,4.180318,5.999183,3.843742,6.000000,6.000728,8.612180,6.008173,7.756631,,6.877744,6.000006,6.165262,7.221261,6.000000,8.368232,6.000000,6.000000,6.001206,3.668742,6.000000,6.000123,6.064563,6.006478,6.000004,5.942323,6.000000,6.000006,6.000000,6.064563,6.000040,6.000000,6.001604,22.429440,8.611394,6.000000,7.750470,6.000001,8.054134,0.001392
1657095,6.000000,6.000000,5.629862,6.000000,7.100727,6.000360,-2.194863,-4.446999,-5.092432,-3.924097,-5.209784,-5.143224,5.999997,5.291693,6.005367,5.928347,7.301549,5.990638,6.000009,7.927748,5.997385,0.000233,3.707828,5.456484,6.000111,5.792278,5.409530,7.921350,5.836899,-0.408453,6.000136,5.934439,7.993718,7.978527,7.994004,0.000000,5.427009,7.994559,7.980770,4.643209,5.586188,5.297535,6.000000,6.000027,11.527533,6.000083,5.923540,5.122256,,6.000000,5.947891,3.805137,6.000000,5.967184,6.000000,6.000000,6.000018,5.285047,6.000000,6.000001,5.994559,5.839300,6.000000,3.333583,6.000000,6.000000,6.000000,5.994559,6.000000,6.000000,6.000001,8.423416,5.779946,6.000000,5.852493,6.000000,7.929619,-0.000085
1644143,6.000092,6.000006,6.000000,5.997502,6.000000,6.000062,-0.000001,1.999999,1.999999,2.000000,1.999999,2.000000,6.000000,5.999990,5.999942,5.999965,7.999989,5.999983,5.937060,7.999927,5.994105,-0.000608,5.999998,6.000000,6.004902,5.999972,6.000000,7.999924,5.999997,-0.000011,5.996077,5.999974,7.999558,7.999821,7.999566,0.005044,6.000000,7.999581,7.999830,5.999995,6.000000,5.999989,6.000078,6.011256,8.000000,5.995494,5.999981,5.999994,6.000000,,5.999922,5.999999,5.999999,5.999984,6.000001,6.291584,5.971014,5.999989,6.001306,5.696230,5.999581,6.000000,-0.850000,6.000000,6.014687,6.000000,6.017117,5.999581,5.086012,6.002074,5.976307,7.999999,5.999990,6.000000,5.999985,5.913058,7.999928,-0.021631
1657380,6.000000,6.000000,6.000973,6.000000,6.210770,6.126311,0.053126,2.008783,2.002550,2.001146,2.001417,1.994812,6.000000,5.502143,13.428368,7.477390,7.344194,9.576220,6.006312,6.330227,5.710170,0.705519,6.003579,5.998330,6.036413,5.167245,5.998086,5.417876,6.467766,-0.082555,6.104665,7.984630,8.367935,8.153869,8.422968,0.000000,5.999919,8.529889,8.585558,5.740096,5.999555,5.333711,6.000000,6.009109,8.039725,6.094489,7.700339,5.834738,6.052109,6.000078,,6.053126,6.000000,8.542593,6.000000,6.000003,6.014165,5.301095,6.000000,6.001409,6.529889,6.000230,6.000054,5.994019,6.000001,6.000078,6.000001,6.529889,6.000462,6.000000,6.017981,9.962534,6.529889,6.000000,6.790502,6.000008,6.597046,0.012585
1304377,6.000000,6.000000,6.000000,6.000000,16.000000,6.001689,0.000000,1.042929,0.647520,1.392291,0.575627,0.990517,6.000005,4.827144,6.083229,5.983693,6.781982,6.245796,6.000076,7.902744,5.994300,0.007622,3.737951,5.869492,6.000494,5.701278,5.854017,7.883329,7.356822,-0.463607,6.001234,6.049175,7.997447,7.979719,7.998314,0.000000,5.933148,8.000000,7.986524,3.753347,5.935424,4.769802,6.000000,6.000123,10.063863,6.001074,6.099574,4.778739,8.194863,6.000001,5.946874,,6.000000,6.232008,6.000000,6.000000,6.000167,4.731908,6.000000,6.000016,6.000000,5.991914,6.000001,5.452840,6.000000,6.000001,6.000000,6.000000,6.000005,6.000000,6.000189,10.280921,6.000000,6.000000,6.000000,6.000000,7.908422,0.000045
1462389,6.222879,7.976215,6.000000,6.000832,6.000000,6.000000,-0.000000,2.000000,2.000000,2.000000,2.000000,2.000000,6.000000,6.000000,6.000000,6.000000,8.000000,6.000000,6.000000,8.000000,6.000000,0.000000,6.000000,6.000000,6.000000,6.000000,6.000000,8.000000,6.000000,-0.000000,6.000000,6.000000,8.000000,8.000000,8.000000,0.017881,6.000000,8.000000,8.000000,6.000000,6.000000,6.000000,6.043722,6.000000,8.000000,6.000000,6.000000,6.000000,6.000000,6.000001,6.000000,6.000000,,6.000000,34.480000,6.000053,6.000000,6.000000,6.024563,6.000000,6.000000,6.000000,6.000000,6.000000,6.000065,6.000001,6.000110,6.000000,6.000000,6.005372,6.000000,8.000000,6.000000,7.325329,6.000000,6.000008,8.000000,-0.000000
1656279,6.000000,6.000000,5.995751,6.000000,6.265863,6.025541,-0.232008,1.848102,1.828416,1.922902,1.824837,1.902899,6.000000,1.700721,6.730865,2.846041,2.974767,7.083316,6.000859,4.332242,5.854123,0.055900,5.443975,5.991809,6.007707,-4.660000,5.991038,3.942290,6.039395,-3.692865,6.013237,3.500800,7.716712,6.961978,7.734137,0.000000,5.992422,7.767992,7.098667,3.755579,5.994284,0.941658,6.000000,6.001893,8.071355,6.010014,3.340000,3.631768,6.032816,6.000016,3.457407,5.767992,6.000000,,6.000000,6.000001,6.001791,0.838651,6.000000,6.000139,5.767992,5.998034,6.000008,5.961208,6.000000,6.000016,6.000000,5.767992,6.000052,6.000000,6.001162,11.525105,3.685912,6.000000,2.547787,6.000002,4.446285,-0.003337
1417905,5.968975,5.287127,6.000000,5.998330,6.000000,6.000000,-0.000000,2.000000,2.000000,2.000000,2.000000,2.000000,6.000000,6.000000,6.000000,6.000000,8.000000,6.000000,6.000000,8.000000,6.000000,-0.000000,6.000000,6.000000,6.000000,6.000000,6.000000,8.000000,6.000000,-0.000000,6.000000,6.000000,8.000000,8.000000,8.000000,0.006212,6.000000,8.000000,8.000000,6.000000,6.000000,6.000000,5.965702,6.000000,8.000000,6.000000,6.000000,6.000000,6.000000,5.999999,6.000000,6.000000,-22.480000,6.000000,,5.999987,6.000000,6.000000,6.000589,6.000000,6.000000,6.000000,5.999998,6.000000,5.999930,5.999999,5.999896,6.000000,6.000000,5.998006,6.000000,8.000000,6.000000,6.499029,6.000000,5.999989,8.000000,-0.000000
1466991,6.000569,5.999954,6.000000,5.650056,6.000000,5.999822,-0.000000,2.000000,2.000000,2.000000,2.000000,2.000000,6.000000,6.000000,5.999997,5.999998,8.000000,5.999999,5.995891,7.999997,5.999781,-0.000033,6.000000,6.000000,5.999462,5.999999,6.000000,7.999997,6.000000,-0.000000,5.999755,5.999999,7.999981,7.999992,7.999981,0.117288,6.000000,7.999981,7.999993,6.000000,6.000000,6.000000,5.994242,5.997701,8.000000,5.999739,5.999999,6.000000,6.000000,5.708416,5.999997,6.000000,5.999947,5.999999,6.000013,,5.998193,6.000000,6.017478,5.982727,5.999981,6.000000,5.509675,6.000000,1.614362,5.708416,3.501824,5.999981,5.945951,5.981902,5.998738,8.000000,6.000000,6.000002,5.999999,2.908171,7.999997,-0.000983
1449439,6.000001,6.000000,5.999997,6.000014,6.000000,7.649410,-0.000167,1.999909,1.999902,1.999956,1.999901,1.999949,6.000000,5.997949,5.997142,5.994170,7.997655,5.998365,6.300445,7.986039,4.656247,-0.042780,5.999687,5.999997,13.645866,5.994633,5.999996,7.985072,5.999692,-0.002004,6.000000,5.996109,7.925680,7.967751,7.928039,0.000021,5.999996,7.932621,7.970255,5.998929,5.999997,5.997644,6.000001,9.678794,8.000012,5.824064,5.997316,5.998794,5.999982,6.028986,5.985835,5.999833,6.000000,5.998209,6.000000,6.001807,,5.997610,6.000007,5.803614,5.932621,5.999999,6.006294,5.999983,6.000458,6.028986,6.000315,5.932621,5.967372,6.000014,4.049973,8.000586,5.998334,6.000000,5.997515,6.002677,7.986322,-3.310915
1704386,6.000000,6.000000,6.023226,6.000000,8.621444,6.018686,1.268092,2.440265,2.386752,2.173779,2.377022,2.119405,6.000002,7.264669,7.310929,7.970239,8.370000,10.666754,6.001049,8.549461,5.981112,0.128222,7.183027,5.991594,6.005292,7.239754,5.989499,8.406006,12.936220,4.639216,6.017663,8.942645,8.152752,8.316646,8.159163,0.000000,6.014178,8.171618,8.366931,6.660215,6.004931,6.280000,6.000000,6.001333,8.450931,6.016478,10.182789,8.331258,6.714953,6.000011,6.698905,7.268092,6.000000,11.161349,6.000000,6.000000,6.002390,,6.000000,6.000249,6.171618,6.007450,6.000009,5.989085,6.000000,6.000011,6.000000,6.171618,6.000080,6.000000,6.003340,30.277097,12.941467,6.000000,10.653004,6.000001,8.591415,0.003479
1651799,5.605323,5.926450,6.000000,3.943252,6.000000,5.999999,-0.000000,2.000000,2.000000,2.000000,2.000000,2.000000,6.000000,6.000000,6.000000,6.000000,8.000000,6.000000,5.999985,8.000000,5.999999,-0.000000,6.000000,6.000000,5.999997,6.000000,6.000000,8.000000,6.000000,-0.000000,5.999999,6.000000,8.000000,8.000000,8.000000,7.038438,6.000000,8.000000,8.000000,6.000000,6.000000,6.000000,1.937775,5.999989,8.000000,5.999999,6.000000,6.000000,6.000000,5.998694,6.000000,6.000000,5.975437,6.000000,5.999411,5.982522,5.999993,6.000000,,5.999938,6.000000,6.000000,5.998150,6.000000,5.913385,5.998694,5.870641,6.000000,5.999804,3.415786,5.999996,8.000000,6.000000,6.000403,6.000000,5.986572,8.000000,-0.000003
1645236,6.000005,6.000000,6.000000,6.000159,6.000003,6.224927,-0.000016,1.999991,1.999990,1.999996,1.999990,1.999995,6.000000,5.999788,6.000000,5.999443,7.999757,5.999893,6.655663,7.998585,5.856351,-0.001726,5.999969,6.000000,7.011377,5.999453,6.000000,7.998475,5.999977,-0.000201,6.026578,5.999644,7.992838,7.996805,7.993107,0.000196,6.000000,7.993630,7.997091,5.999889,6.000000,5.999755,6.000010,9.637501,8.000002,6.006490,5.999759,5.999877,5.999999,6.303770,5.998591,5.999984,6.000000,5.999861,6.000000,6.017273,6.196386,5.999751,6.000062,,5.993630,6.000000,6.105028,5.999998,6.004716,6.303770,6.003205,5.993630,6.242750,6.000139,5.894106,8.000089,5.999843,6.000000,5.999765,6.028548,7.998617,-0.305786
1642775,6.000000,6.000000,6.000000,6.000000,6.024788,6.681481,0.000000,1.997628,1.996648,1.998494,1.996469,1.997498,6.000000,5.864740,8.041823,5.955674,7.835159,6.359424,6.030537,7.281370,3.700654,3.075104,5.988709,5.999677,6.199359,5.701278,5.999638,7.137914,6.043506,-0.084693,6.497871,6.087829,6.970000,6.892683,7.320000,0.000000,5.999834,8.000000,7.264241,5.929388,5.999840,5.833511,6.000000,6.049575,8.005116,6.433147,6.099574,5.935437,6.005441,6.000419,5.470111,6.000000,6.000000,6.232008,6.000000,6.000019,6.067379,5.828382,6.000000,6.006370,,5.999980,6.000266,5.998644,6.000006,6.000419,6.000004,6.000000,6.002144,6.000000,6.076161,8.252733,6.000000,6.000000,6.000000,6.000041,7.323324,0.018316
1522954,6.000000,6.000000,6.441455,6.000000,6.075465,6.000012,0.008086,1.986054,1.972858,1.939594,1.970459,1.873182,6.000818,5.993283,6.000642,6.000134,7.992887,6.001989,6.000001,7.999493,5.999964,0.000060,5.990456,-9.397581,6.000004,5.998390,-11.354587,7.999362,6.011390,-0.002182,6.000009,6.000633,8.000003,7.999918,8.000009,0.000000,5.098695,8.000020,7.999964,5.987133,3.006239,5.992805,6.000000,6.000001,8.818997,6.000008,6.001073,5.993522,6.160700,6.000000,5.999770,6.008086,6.000000,6.001966,6.000000,6.000000,6.000001,5.992550,6.000000,6.000000,6.000020,,6.000000,4.675068,6.000000,6.000000,6.000000,6.000020,6.000000,6.000000,6.000001,8.016578,6.000811,6.000000,6.000543,6.000000,7.999531,0.000001
1462388,6.000143,6.000011,6.000000,6.002719,6.000000,6.004291,-0.000001,2.000000,2.000000,2.000000,2.000000,2.000000,6.000000,5.999992,5.999980,5.999977,7.999991,5.999992,5.990684,7.999948,5.995235,-0.000243,5.999999,6.000000,6.020893,5.999980,6.000000,7.999945,5.999999,-0.000008,5.999148,5.999984,7.999711,7.999878,7.999719,0.006162,6.000000,7.999734,7.999886,5.999996,6.000000,5.999991,6.000246,6.072939,8.000000,5.998565,5.999989,5.999996,6.000000,12.850000,5.999946,5.999999,6.000000,5.999992,6.000002,6.490325,5.993706,5.999991,6.001850,5.894972,5.999734,6.000000,,6.000000,6.111425,12.850000,6.078186,5.999734,5.732791,6.003846,5.989798,8.000001,5.999993,6.000000,5.999990,6.613705,7.999949,-0.013283
1719491,6.000000,6.000000,10.042995,6.000000,7.045031,6.000133,0.547160,2.981716,2.884209,3.967844,2.866481,3.477116,6.000274,6.021824,6.009644,6.015711,8.013409,6.034765,6.000008,8.005179,5.999900,0.000948,6.272956,4.989878,6.000038,6.012369,4.679071,8.004213,6.219683,0.040654,6.000129,6.022832,8.001229,8.002677,8.001272,0.000000,8.700235,8.001356,8.003016,6.041806,7.082678,6.012802,6.000000,6.000009,17.653157,6.000121,6.032199,6.057677,8.666417,6.000000,6.005981,6.547160,6.000000,6.038792,6.000000,6.000000,6.000017,6.010915,6.000000,6.000002,6.001356,7.324932,6.000000,,6.000000,6.000000,6.000000,6.001356,6.000001,6.000000,6.000025,8.195398,6.054858,6.000000,6.036772,6.000000,8.005462,0.000027
1439755,6.005957,6.000358,6.000000,5.767006,6.000000,5.999992,-0.000000,2.000000,2.000000,2.000000,2.000000,2.000000,6.000000,6.000000,5.999999,5.999999,8.000000,6.000000,5.998996,7.999999,5.999914,-0.000009,6.000000,6.000000,6.000035,6.000000,6.000000,7.999999,6.000000,-0.000000,5.999938,6.000000,7.999993,7.999997,7.999994,0.345137,6.000000,7.999994,7.999997,6.000000,6.000000,6.000000,6.003753,6.000027,8.000000,5.999930,6.000000,6.000000,6.000000,5.985313,5.999999,6.000000,5.999935,6.000000,6.000070,10.385638,5.999542,6.000000,6.086615,5.995284,5.999994,6.000000,5.888575,6.000000,,5.985313,6.555530,5.999994,5.985706,6.127843,5.999636,8.000000,6.000000,6.000004,6.000000,5.739049,7.999999,-0.000323
1644145,6.000092,6.000006,6.000000,5.997502,6.000000,6.000062,-0.000001,1.999999,1.999999,2.000000,1.999999,2.000000,6.000000,5.999990,5.999942,5.999965,7.999989,5.999983,5.937060,7.999927,5.994105,-0.000608,5.999998,6.000000,6.004902,5.999972,6.000000,7.999924,5.999997,-0.000011,5.996077,5.999974,7.999558,7.999821,7.999566,0.005044,6.000000,7.999581,7.999830,5.999995,6.000000,5.999989,6.000078,6.011256,8.000000,5.995494,5.999981,5.999994,6.000000,6.000000,5.999922,5.999999,5.999999,5.999984,6.000001,6.291584,5.971014,5.999989,6.001306,5.696230,5.999581,6.000000,-0.850000,6.000000,6.014687,,6.017117,5.999581,5.086012,6.002074,5.976307,7.999999,5.999990,6.000000,5.999985,5.913058,7.999928,-0.021631
1600024,6.008696,6.000498,6.000000,5.555738,6.000000,5.999990,-0.000000,2.000000,2.000000,2.000000,2.000000,2.000000,6.000000,6.000000,5.999999,6.000000,8.000000,6.000000,5.999305,7.999999,5.999945,-0.000006,6.000000,6.000000,6.000004,6.000000,6.000000,7.999999,6.000000,-0.000000,5.999957,6.000000,7.999996,7.999998,7.999996,0.530604,6.000000,7.999996,7.999998,6.000000,6.000000,6.000000,6.003534,5.999946,8.000000,5.999952,6.000000,6.000000,6.000000,5.982883,5.999999,6.000000,5.999890,6.000000,6.000104,8.498176,5.999685,6.000000,6.129359,5.996795,5.999996,6.000000,5.921814,6.000000,5.444470,5.982883,,5.999996,5.990235,6.176981,5.999755,8.000000,6.000000,6.000007,6.000000,5.758564,7.999999,-0.000214
1693715,6.000000,6.000000,6.000000,6.000000,6.024788,6.681481,0.000000,1.997628,1.996648,1.998494,1.996469,1.997498,6.000000,5.864740,8.041823,5.955674,7.835159,6.359424,6.030537,7.281370,3.700654,3.075104,5.988709,5.999677,6.199359,5.701278,5.999638,7.137914,6.043506,-0.084693,6.497871,6.087829,6.970000,6.892683,7.320000,0.000000,5.999834,8.000000,7.264241,5.929388,5.999840,5.833511,6.000000,6.049575,8.005116,6.433147,6.099574,5.935437,6.005441,6.000419,5.470111,6.000000,6.000000,6.232008,6.000000,6.000019,6.067379,5.828382,6.000000,6.006370,6.000000,5.999980,6.000266,5.998644,6.000006,6.000419,6.000004,,6.002144,6.000000,6.076161,8.252733,6.000000,6.000000,6.000000,6.000041,7.323324,0.018316
1478547,6.000016,6.000001,6.000000,6.000460,6.000001,6.063950,-0.000005,1.999997,1.999997,1.999999,1.999997,1.999998,6.000000,5.999932,5.999954,5.999814,7.999922,5.999956,6.135972,7.999540,5.954480,-0.000976,5.999990,6.000000,6.291243,5.999823,6.000000,7.999506,5.999991,-0.000066,6.004416,5.999878,7.997612,7.998949,7.997695,0.000625,6.000000,7.997856,7.999037,5.999964,6.000000,5.999921,6.000030,7.042385,8.000000,5.998243,5.999917,5.999960,6.000000,6.913988,5.999538,5.999995,6.000000,5.999948,6.000000,6.054049,6.032628,5.999920,6.000196,5.757250,5.997856,6.000000,6.267209,5.999999,6.014294,6.913988,6.009765,5.997856,,6.000432,5.950983,8.000024,5.999947,6.000000,5.999921,6.085277,7.999550,-0.104158
1605588,6.122726,6.000438,6.000000,2.162571,6.000000,5.999999,-0.000000,2.000000,2.000000,2.000000,2.000000,2.000000,6.000000,6.000000,6.000000,6.000000,8.000000,6.000000,5.999967,8.000000,5.999998,-0.000000,6.000000,6.000000,5.999996,6.000000,6.000000,8.000000,6.000000,-0.000000,5.999998,6.000000,8.000000,8.000000,8.000000,14.437457,6.000000,8.000000,8.000000,6.000000,6.000000,6.000000,5.545839,5.999984,8.000000,5.999998,6.000000,6.000000,6.000000,5.997926,6.000000,6.000000,5.994628,6.000000,6.001994,6.018098,5.999986,6.000000,8.584214,5.999861,6.000000,6.000000,5.996154,6.000000,5.872157,5.997926,5.823019,6.000000,5.999568,,5.999990,8.000000,6.000000,6.000187,6.000000,5.977569,8.000000,-0.000008
1667515,6.000000,6.000000,5.999997,6.000013,6.000092,9.802587,-0.000189,1.999888,1.999877,1.999945,1.999875,1.999934,6.000000,5.997179,6.004360,5.993246,7.996737,5.999488,7.003798,7.981548,4.014448,0.016772,5.999604,5.999995,17.920984,5.992823,5.999995,7.979922,5.999814,-0.002581,6.746652,5.995928,7.912166,7.959432,7.916133,0.000014,5.999995,7.923839,7.963643,5.998527,5.999996,5.996718,6.000001,8.904494,8.000032,6.450723,5.997337,5.998396,5.999999,6.023693,5.982019,5.999811,6.000000,5.998838,6.000000,6.001262,7.950027,5.996660,6.000004,6.105894,5.923839,5.999999,6.010202,5.999975,6.000364,6.023693,6.000245,5.923839,6.049017,6.000010,,8.001602,5.998117,6.000000,5.997191,6.002252,7.982024,-3.539441
1655651,6.000000,6.000000,5.958223,6.000000,5.214765,6.002157,-2.280921,3.831968,3.772827,4.448596,3.762074,4.388503,5.999999,-16.789619,5.531578,2.812054,-10.942307,3.445487,5.999785,8.482296,5.927690,-0.054920,2.081902,5.963831,6.000887,-1.073511,5.961517,8.352492,0.421516,-14.976339,5.995668,2.530381,10.730197,10.177402,10.735997,0.000000,5.948224,10.747267,10.222901,-6.382759,5.965752,-16.023743,6.000000,6.000195,11.000000,5.994596,1.589458,-8.429440,5.576584,6.000001,4.037466,3.719079,6.000000,2.474895,6.000000,6.000000,5.999414,-16.277097,6.000000,5.999911,5.747267,5.983422,5.999999,5.804602,6.000000,6.000001,6.000000,5.747267,5.999976,6.000000,5.998398,,-4.222381,6.000000,-0.852267,6.000000,8.520257,-0.004325
1693703,6.000000,6.000000,6.000000,6.000000,7.002588,6.016849,0.000000,1.904045,1.864402,1.939072,1.857194,1.898790,6.000000,0.529109,6.830143,5.837355,1.332636,8.451615,6.000755,7.029950,5.943152,0.076027,5.543300,5.986915,6.004929,3.020488,5.985364,6.836306,7.759703,-3.425618,6.012309,6.490481,7.974535,7.797711,7.983188,0.000000,5.993297,8.000000,7.865589,3.143944,5.993526,-0.734038,6.000000,6.001226,8.206921,6.010709,6.993171,3.388606,6.220054,6.000010,5.470111,6.000000,6.000000,8.314088,6.000000,6.000000,6.001666,-0.941467,6.000000,6.000157,6.000000,5.999189,6.000007,5.945142,6.000000,6.000010,6.000000,6.000000,6.000053,6.000000,6.001883,18.222381,,6.000000,6.000000,6.000001,7.086582,0.000453
1431906,5.994651,5.932199,6.000000,5.999908,6.000000,6.000000,-0.000000,2.000000,2.000000,2.000000,2.000000,2.000000,6.000000,6.000000,6.000000,6.000000,8.000000,6.000000,6.000000,8.000000,6.000000,-0.000000,6.000000,6.000000,6.000000,6.000000,6.000000,8.000000,6.000000,-0.000000,6.000000,6.000000,8.000000,8.000000,8.000000,-0.000024,6.000000,8.000000,8.000000,6.000000,6.000000,6.000000,5.997638,6.000000,8.000000,6.000000,6.000000,6.000000,6.000000,6.000000,6.000000,6.000000,4.674671,6.000000,5.500971,5.999998,6.000000,6.000000,5.999597,6.000000,6.000000,6.000000,6.000000,6.000000,5.999996,6.000000,5.999993,6.000000,6.000000,5.999813,6.000000,8.000000,6.000000,,6.000000,5.999999,8.000000,-0.000000
1477381,6.000000,6.000000,6.000000,6.000000,6.672055,6.025135,0.000000,1.935680,1.909106,1.959159,1.904274,1.932157,6.000000,2.332752,7.238428,5.757362,3.530732,9.657380,6.001126,6.552856,5.915193,0.113420,5.693865,5.991229,6.007353,1.555091,5.990189,6.263972,7.179564,-2.296260,6.018363,6.731712,7.962010,7.698221,7.974919,0.000000,5.995507,8.000000,7.799482,4.085529,5.995660,1.486040,6.000000,6.001828,8.138703,6.015976,7.481636,4.249530,6.147507,6.000015,5.209498,6.000000,6.000000,9.452213,6.000000,6.000001,6.002485,1.346996,6.000000,6.000235,6.000000,5.999457,6.000010,5.963228,6.000000,6.000015,6.000000,6.000000,6.000079,6.000000,6.002809,14.852267,6.000000,6.000000,,6.000002,6.637341,0.000676
1600683,6.000961,6.000063,6.000000,5.981905,6.000000,6.000060,-0.000000,2.000000,2.000000,2.000000,2.000000,2.000000,6.000000,5.999999,5.999995,5.999997,7.999999,5.999998,5.994243,7.999993,5.999411,-0.000058,6.000000,6.000000,6.000704,5.999997,6.000000,7.999993,6.000000,-0.000001,5.999638,5.999997,7.999957,7.999982,7.999958,0.050670,6.000000,7.999959,7.999983,5.999999,6.000000,5.999999,6.000969,6.001934,8.000000,5.999578,5.999998,5.999999,6.000000,6.086942,5.999992,6.000000,5.999992,5.999998,6.000011,9.091829,5.997323,5.999999,6.013428,5.971452,5.999959,6.000000,5.386295,6.000000,6.260951,6.086942,6.241436,5.999959,5.914723,6.022431,5.997748,8.000000,5.999999,6.000001,5.999998,,7.999993,-0.002107
1702892,6.000000,6.000000,6.001677,6.000000,6.274735,6.116692,0.091578,5.023619,5.016377,5.007359,5.015060,5.000000,6.000000,5.625209,13.288219,8.705127,10.458659,10.880093,6.006062,10.690000,5.780395,0.699665,6.046524,5.998278,6.033450,5.632121,5.997995,9.630000,6.650843,0.160382,6.101069,9.107191,11.537281,11.732080,11.584648,0.000000,6.000453,11.676676,12.103638,5.804342,5.999805,5.446479,6.000000,6.008387,11.050195,6.092310,8.575156,5.945866,6.070381,6.000072,7.402954,6.091578,6.000000,9.553715,6.000000,6.000003,6.013678,5.408585,6.000000,6.001383,6.676676,6.000469,6.000051,5.994538,6.000001,6.000072,6.000001,6.676676,6.000450,6.000000,6.017976,13.479743,6.913418,6.000000,7.362659,6.000007,,0.014873
1605583,0.000000,0.000000,-0.000001,0.000013,0.000409,9.043113,0.999955,2.999936,2.999918,2.999963,2.999915,2.999945,0.000000,-0.002787,0.032881,-0.002315,1.996645,0.005480,1.511581,1.984359,-2.434682,1.277171,-0.000271,-0.000006,10.362609,-0.006383,-0.000007,1.981732,0.000634,0.998059,3.310915,0.000390,1.962819,1.972981,1.969230,1.000010,-0.000004,1.981684,1.979786,-0.001455,-0.000003,-0.003385,0.000001,2.571370,2.000088,2.832672,0.000912,-0.001392,0.000085,0.021631,-0.012585,-0.000045,0.000000,0.003337,0.000000,0.000983,3.310915,-0.003479,0.000003,0.305786,-0.018316,-0.000001,0.013283,-0.000027,0.000323,0.021631,0.000214,-0.018316,0.104158,0.000008,3.539441,2.004325,-0.000453,0.000000,-0.000676,0.002107,1.985127,
