,1705853,1684273,1705859,1668824,1701629,1668197,1696932,1670725,1660903,1419883,1662989,1670728,1662987,1668201,1670721,1659956,1664300,1668196,1662004,1662996,1669829,1669832,1670727,1662988,1684885,1661745,1676716,1670723,1676709,1656298,1686655,1674165,1660904,1671132,1668202,1668205,1667047,1668825,1692303,1690979,1684052,1667052,1656299,1681092,1667050,1676710,1681479,1681061,1668199,1696939,1671134,1664295,1670730,1681561,1664686,1700617,1681469,1690136,1653679,1667051,1686624,1659957,1670722,1659958,1696938,1660905,1701572,1668827,1701505,1705858,1687421,1664684,1701616,1681618,1670729,1438713,1669830,1681487,1701688
1705853,,5.720928,6.107209,-0.025088,6.050010,6.000483,-0.001303,-0.003570,6.074638,6.058701,-0.002183,-0.000228,-0.002183,0.105604,1.047137,6.412787,5.998173,6.020294,0.022565,-0.000084,-0.002454,-0.004262,-0.002997,5.998642,7.042833,6.000110,5.930996,8.649329,5.576508,6.615875,7.042833,6.137371,6.005470,5.999523,6.163722,6.034903,6.222822,6.547445,5.476918,5.952811,7.042833,6.000304,6.672898,5.976556,8.693941,0.198283,5.849965,5.987437,7.950530,5.997573,5.998033,6.016890,-0.127439,5.998302,-0.000643,7.958034,5.906228,6.611992,6.073691,5.979018,6.218162,6.132685,6.013031,6.184380,5.999033,6.026663,5.930985,5.993799,5.982643,6.000358,7.042833,5.996119,6.002016,5.997363,6.474451,0.000000,5.809883,6.626217,6.840347
1684273,6.279072,,6.050140,-0.054073,6.022936,6.006168,-0.002795,-0.004992,6.034132,6.146342,-0.004525,-0.000498,-0.004525,0.288314,2.610238,7.004135,5.996389,6.051307,0.065783,-0.000171,-0.004989,-0.008056,-0.006093,5.997404,6.541341,6.000049,5.853475,7.234398,5.264241,6.503995,6.541341,6.064213,6.002450,5.998947,6.394986,6.015803,6.101473,7.617403,5.011323,5.899797,6.541341,6.000136,6.305139,5.948957,7.239501,0.541341,5.689086,5.972541,3.652029,5.994558,5.996049,6.043359,-0.259095,5.996255,-0.001365,7.016428,5.805678,6.298722,6.033458,5.955076,6.735759,6.059610,6.005871,6.086705,5.997854,6.012210,5.851917,5.989239,5.962112,6.000160,6.541341,5.993241,6.000908,5.994186,7.208546,0.000000,5.613476,6.325073,6.398297
1705859,5.892791,5.949860,,-0.000558,7.178364,5.999636,-0.000030,-0.000277,8.015642,5.999857,-0.000062,-0.000005,-0.000062,-0.002086,-0.002525,6.000819,5.999936,5.999899,-0.000751,-0.000003,-0.000076,-0.000177,-0.000093,5.999946,5.786165,6.005885,5.998305,6.022283,5.977655,5.883443,5.786165,6.055064,6.280156,5.999991,6.000564,7.353993,10.405116,5.980217,5.978236,5.998841,5.786165,6.015510,8.083566,5.999516,6.145504,-0.003917,5.995754,5.999749,0.057877,5.999961,5.999935,5.999867,-0.003971,5.999968,-0.000016,5.886113,5.997346,5.631654,8.617206,5.999512,5.985454,12.357271,6.581883,5.644957,5.999983,6.676136,5.998417,5.999672,5.999649,6.017655,5.786165,5.999796,6.090282,5.999951,5.996967,0.000001,5.994075,5.643903,5.844571
1668824,0.025088,0.054073,0.000558,,0.000219,7.372026,1.038903,9.308047,0.000319,5.311191,1.557827,0.978750,1.557827,2.050281,1.298308,1.275142,1.001761,12.264657,4.205761,1.030540,1.922598,4.476097,2.126863,1.015571,0.010245,0.000000,0.590460,0.013363,0.117589,0.022618,0.010245,0.000712,0.000019,-0.078013,4.068677,0.000135,0.000913,0.122962,0.114854,0.863421,0.010245,0.000001,0.002640,-1.573256,0.012178,1.559371,0.417402,-1.171884,1.035396,-0.648571,0.889521,11.972217,1.521752,-0.259697,1.065079,0.019237,0.667841,0.004307,0.000293,0.923116,0.176384,0.000470,0.000048,0.001002,-0.190401,0.000115,0.237717,8.010000,-1.463424,0.000001,0.010245,4.937891,0.000007,-0.403233,0.471659,1.000000,0.349741,0.006152,0.004846
1701629,5.949990,5.977064,4.821636,-0.000219,,5.999830,-0.000012,-0.000123,6.548063,5.999838,-0.000025,-0.000002,-0.000025,-0.001145,-0.002878,5.999712,5.999973,5.999920,-0.000387,-0.000001,-0.000032,-0.000076,-0.000039,5.999977,5.882671,6.013890,5.999321,5.956922,5.990264,5.944224,5.882671,5.091396,6.636866,5.999997,5.999997,8.237966,6.539402,5.989883,5.990697,5.999536,5.882671,6.035101,6.352559,5.999812,5.986759,-0.002149,5.998263,5.999903,-0.002317,5.999986,5.999973,5.999911,-0.001646,5.999988,-0.000006,5.937512,5.998914,5.751941,8.692774,5.999806,5.992860,11.641759,7.157034,5.247922,5.999994,6.201572,5.999374,5.999857,5.999864,6.038857,5.882671,5.999911,6.180128,5.999981,5.997815,0.000002,5.997545,5.804613,5.822815
1668197,5.999517,5.993832,6.000364,-7.372026,6.000170,,-0.383105,-1.123685,6.000255,9.112633,-0.646603,-0.066751,-0.646603,0.353236,0.174969,6.915583,5.454231,11.754181,0.800521,-0.024968,-0.729354,-1.283671,-0.890835,5.591886,6.003446,6.000000,2.209582,6.008998,5.940248,6.001716,6.003446,6.000466,6.000019,5.860555,9.154954,6.000119,6.000761,6.029082,5.909307,0.457330,6.003446,6.000001,6.002300,-0.874930,6.009176,0.188131,4.965439,2.318876,0.027092,5.292600,5.413851,10.770721,-0.881971,5.503321,-0.189525,6.006470,4.344709,6.002055,6.000252,-0.173954,6.026222,6.000454,6.000045,6.000625,5.717554,6.000091,0.994420,4.105704,0.912706,6.000001,6.003446,4.815146,6.000007,5.228804,6.236900,0.000000,5.408797,6.002069,6.002842
1696932,0.001303,0.002795,0.000030,0.961097,0.000012,0.383105,,1.499701,0.000017,0.283690,2.315113,0.528420,2.315113,1.055452,1.015934,0.068525,1.764217,0.653374,1.168571,1.471170,2.295135,1.705076,2.060367,2.262902,0.000541,0.000000,0.021330,0.000717,0.005963,0.001180,0.000541,0.000038,0.000001,-1.550804,0.219225,0.000007,0.000049,0.006462,0.005745,0.031191,0.000541,0.000000,0.000143,-0.190758,0.000656,1.029533,0.019138,-0.526414,1.001906,-12.120765,1.643011,0.636261,1.024937,-5.217965,1.771132,0.001016,0.030621,0.000229,0.000016,0.018061,0.009231,0.000026,0.000003,0.000054,-3.686041,0.000006,0.000000,0.406262,-0.334865,0.000000,0.000541,0.653855,0.000000,-5.540626,0.025096,1.000000,0.016716,0.000325,0.000259
1670725,0.003570,0.004992,0.000277,-7.308047,0.000123,1.123685,0.500299,,0.000183,2.450061,0.244641,0.907920,0.244641,1.346261,1.137687,0.676918,-0.542597,5.288825,1.910551,0.972442,0.200450,-0.075889,0.023427,-0.358077,0.003378,0.000000,-1.907723,0.006779,-0.013569,0.004352,0.003378,0.000354,0.000013,-0.198371,2.282975,0.000083,0.000540,0.034070,-0.030293,-2.789633,0.003378,0.000001,0.001615,-9.373582,0.006693,1.184416,-0.481638,-5.077945,1.019674,-1.051557,-0.616077,4.835140,0.614689,-0.703315,0.760992,0.006342,-0.770618,0.001740,0.000177,-8.000000,0.040706,0.000311,0.000031,0.000482,-0.407595,0.000065,-2.601935,-0.913885,-6.989769,0.000001,0.003378,-0.683726,0.000005,-1.092043,0.196750,1.000000,-0.258281,0.002028,0.002237
1660903,5.925362,5.965868,3.984358,-0.000319,5.451937,5.999745,-0.000017,-0.000183,,5.999738,-0.000037,-0.000003,-0.000037,-0.001746,-0.004667,5.999423,5.999960,5.999873,-0.000585,-0.000002,-0.000046,-0.000112,-0.000057,5.999966,5.821056,6.009300,5.999012,5.924047,5.985620,5.916449,5.821056,4.440191,6.421600,5.999995,5.999938,7.309651,6.474564,5.984706,5.986301,5.999324,5.821056,6.023204,6.391119,5.999728,5.962549,-0.003277,5.997461,5.999860,-0.009850,5.999980,5.999960,5.999861,-0.002411,5.999983,-0.000009,5.904696,5.998413,5.613154,7.996296,5.999718,5.989267,13.229651,6.732038,4.749655,5.999991,5.860206,5.999089,5.999789,5.999804,6.025462,5.821056,5.999869,6.114106,5.999973,5.996570,0.000001,5.996403,5.702006,5.712729
1419883,5.941299,5.853658,6.000143,-5.311191,6.000162,2.887367,-0.283690,-2.450061,6.000262,,-0.575994,-0.043895,-0.575994,-1.013887,0.000561,6.650523,5.408993,5.552773,-4.167998,-0.024019,-0.707640,-1.611211,-0.864313,5.505440,5.990110,6.000001,-9.990000,6.004508,5.502627,5.955395,5.990110,6.000190,6.000030,5.914941,8.978458,6.000156,6.000873,5.833855,5.389217,-4.934944,5.990110,6.000002,6.002908,1.357597,6.007883,-0.539988,1.055169,3.579326,0.024540,5.618418,5.402064,5.214838,-4.591376,5.693446,-0.149394,5.981430,-1.911701,5.998185,6.000310,1.369685,5.701775,6.000691,6.000064,6.000146,5.834108,6.000090,-9.031204,3.053603,2.623815,6.000002,5.990110,4.171338,6.000010,5.524012,5.847246,0.000000,2.922308,5.994061,6.000009
1662989,0.002183,0.004525,0.000062,0.442173,0.000025,0.646603,-0.315113,1.755359,0.000037,0.575994,,0.644450,1.000000,1.104621,1.032356,0.144243,1.670540,1.305325,1.309507,1.040587,1.755784,1.842495,1.618783,2.601379,0.001021,0.000000,-0.082344,0.001490,0.008199,0.002045,0.001021,0.000079,0.000002,-0.894378,0.468511,0.000016,0.000107,0.011814,0.006865,-0.120410,0.001021,0.000000,0.000313,-1.063706,0.001393,1.055720,0.000000,-2.499049,1.004063,-5.677336,1.282455,1.252206,1.014552,-3.103669,0.556107,0.001916,0.000000,0.000451,0.000035,-0.453215,0.016399,0.000057,0.000006,0.000110,-1.957623,0.000013,-0.156284,0.559222,-1.670482,0.000000,0.001021,0.896983,0.000001,-4.819090,0.049753,1.000000,0.009755,0.000613,0.000526
1670728,0.000228,0.000498,0.000005,1.021250,0.000002,0.066751,1.471580,1.092080,0.000003,0.043895,1.355550,,1.355550,1.009034,1.002465,0.010312,0.381832,0.102306,1.027948,7.945735,1.307107,1.142642,1.251438,0.463644,0.000088,0.000000,0.010456,0.000109,0.001145,0.000202,0.000088,0.000006,0.000000,-2.232033,0.032587,0.000001,0.000007,0.001074,0.001162,0.015290,0.000088,0.000000,0.000021,0.009005,0.000098,1.004811,0.005174,0.000000,1.000284,-2.992228,0.371164,0.100705,1.005913,-0.490962,2.126807,0.000165,0.008279,0.000036,0.000002,0.030693,0.001562,0.000004,0.000000,0.000008,-2.133513,0.000001,0.008900,0.077988,0.004600,0.000000,0.000088,0.125692,0.000000,-0.316198,0.003951,1.000000,0.003964,0.000053,0.000040
1662987,0.002183,0.004525,0.000062,0.442173,0.000025,0.646603,-0.315113,1.755359,0.000037,0.575994,1.000000,0.644450,,1.104621,1.032356,0.144243,1.670540,1.305325,1.309507,1.040587,1.755784,1.842495,1.618783,2.601379,0.001021,0.000000,-0.082344,0.001490,0.008199,0.002045,0.001021,0.000079,0.000002,-0.894378,0.468511,0.000016,0.000107,0.011814,0.006865,-0.120410,0.001021,0.000000,0.000313,-1.063706,0.001393,1.055720,0.000000,-2.499049,1.004063,-5.677336,1.282455,1.252206,1.014552,-3.103669,0.556107,0.001916,0.000000,0.000451,0.000035,-0.453215,0.016399,0.000057,0.000006,0.000110,-1.957623,0.000013,-0.156284,0.559222,-1.670482,0.000000,0.001021,0.896983,0.000001,-4.819090,0.049753,1.000000,0.009755,0.000613,0.000526
1668201,-0.105604,-0.288314,0.002086,-0.050281,0.001145,-0.353236,0.944548,0.653739,0.001746,1.013887,0.895379,0.990966,0.895379,,1.883640,5.762085,-0.100203,0.298572,0.695779,0.995758,0.875416,0.739223,0.847833,-0.080901,0.000000,0.000003,-3.049284,0.053313,-1.175577,-0.069738,0.000000,0.002686,0.000147,-0.018118,3.787301,0.000876,0.005371,-0.145298,-1.530983,-2.085287,0.000000,0.000008,0.016713,-0.944206,0.060145,1.000000,-7.189237,-0.498184,1.179799,-0.086249,-0.103441,0.200518,-5.470314,-0.064942,0.971540,0.000000,-4.493290,0.007177,0.001815,-0.900279,-0.391859,0.003507,0.000338,0.003409,-0.035973,0.000617,-2.938103,-0.449370,-0.691985,0.000010,0.000000,-0.279455,0.000052,-0.100835,0.926601,1.000000,-8.391544,0.000000,0.014354
1670721,-1.047137,-2.610238,0.002525,0.701692,0.002878,-0.174969,0.984066,0.862313,0.004667,-0.000561,0.967644,0.997535,0.967644,0.116360,,0.875361,-0.033204,-0.025333,0.663972,0.998651,0.960246,0.909473,0.951445,-0.027787,-0.176629,0.000011,-0.898156,0.079906,-8.869204,-0.795810,-0.176629,0.003364,0.000533,-0.004777,0.462730,0.002776,0.015521,-2.965522,-10.890548,-0.614214,-0.176629,0.000030,0.051752,-0.260731,0.140095,-0.659132,-2.223444,-0.135949,1.436221,-0.021426,-0.033592,-0.044296,-1.064627,-0.017215,0.991609,-0.331640,-1.389658,-0.032489,0.005512,-0.260075,-5.321523,0.012299,0.001147,0.002572,-0.009316,0.001604,-0.844261,-0.165561,-0.189613,0.000034,-0.176629,-0.102754,0.000178,-0.026731,-0.911581,1.000000,-3.080061,-0.106065,0.000000
1659956,5.587213,4.995865,5.999181,-1.275142,6.000288,5.084417,-0.068525,-0.676918,6.000577,5.349477,-0.144243,-0.010312,-0.144243,-5.762085,-0.875361,,5.847413,5.644316,-1.997092,-0.006093,-0.179744,-0.423938,-0.219539,5.870421,5.912726,6.000003,2.088707,5.986669,2.782192,5.675866,5.912726,5.999001,6.000118,5.980411,6.601084,6.000504,6.002348,4.678639,2.135499,3.325217,5.912726,6.000006,6.009015,4.902220,6.009641,-4.765009,-3.911998,5.431341,0.037427,5.915312,5.846948,5.583219,-9.335048,5.929173,-0.036562,5.836133,-0.195021,5.976837,6.000926,4.878472,3.758765,6.002603,6.000231,5.997894,5.962204,6.000181,2.369215,5.207100,5.205049,6.000007,5.912726,5.508249,6.000036,5.890027,3.728938,0.000000,-7.926255,5.947592,5.985780
1664300,6.001827,6.003611,6.000064,-1.001761,6.000027,6.545769,-1.764217,0.542597,6.000040,6.591007,-1.670540,-0.381832,-1.670540,0.100203,0.033204,6.152587,,7.320281,0.288203,-0.040607,-0.904837,0.336216,-0.740818,6.707709,6.000977,6.000000,5.802833,6.001561,6.004908,6.001784,6.000977,6.000082,6.000003,5.113057,6.501710,6.000018,6.000116,6.010951,6.002739,5.711686,6.000977,6.000000,6.000342,4.302016,6.001485,0.053367,5.965155,2.153266,0.004342,0.829128,5.505073,7.249302,-0.017422,2.889117,-0.751049,6.001835,5.944249,6.000449,6.000038,5.095671,6.014725,6.000064,6.000006,6.000114,4.117482,6.000014,5.699496,6.335590,3.397682,6.000000,6.000977,6.534244,6.000001,1.169709,6.049973,0.000000,5.988321,6.000587,6.000539
1668196,5.979706,5.948693,6.000101,-12.264657,6.000080,0.245819,-0.653374,-5.288825,6.000127,6.447227,-1.305325,-0.102306,-1.305325,-0.298572,0.025333,6.355684,4.679719,,-1.321027,-0.054109,-1.593125,-3.566284,-1.945848,4.903048,5.997088,6.000000,-0.053822,6.002846,5.820049,5.984878,5.997088,6.000132,6.000013,5.800117,7.479508,6.000071,6.000410,5.946935,5.776529,-2.852411,5.997088,6.000001,6.001333,-4.790139,6.004034,-0.159017,4.147656,0.358121,0.012348,5.090051,4.658735,5.136303,-1.708640,5.280573,-0.342093,5.994531,3.036260,5.999670,6.000143,-4.651386,5.901017,6.000303,6.000029,6.000140,5.608465,6.000044,-1.571519,-0.448203,-1.861298,6.000001,5.997088,1.996479,6.000004,4.882940,5.981408,0.000000,4.854664,5.998251,6.000412
1662004,-0.022565,-0.065783,0.000751,-2.205761,0.000387,-0.800521,0.831429,0.089449,0.000585,4.167998,0.690493,0.972052,0.690493,1.304221,1.336028,1.997092,-0.288203,1.321027,,0.987591,0.635984,0.265261,0.555390,-0.229044,0.002968,0.000001,-9.187972,0.018931,-0.298030,-0.013149,0.002968,0.000965,0.000047,-0.056676,7.153291,0.000287,0.001782,-0.005428,-0.399221,-6.283300,0.002968,0.000003,0.005486,-2.909701,0.020518,1.162026,-3.808459,-1.541242,1.061044,-0.274680,-0.300062,0.988677,-2.385297,-0.202795,0.914279,0.005572,-6.093512,0.003275,0.000597,-2.731652,-0.059606,0.001127,0.000109,0.001253,-0.113154,0.000208,-8.931633,-1.230519,-2.137916,0.000003,0.002968,-0.766002,0.000017,-0.314881,0.398376,1.000000,-2.269232,0.001782,0.005459
1662996,0.000084,0.000171,0.000003,0.969460,0.000001,0.024968,0.528830,1.027558,0.000002,0.024019,0.959413,-5.945735,0.959413,1.004242,1.001349,0.006093,0.040607,0.054109,1.012409,,1.003034,1.026178,1.002484,0.078181,0.000041,0.000000,-0.005344,0.000063,0.000283,0.000080,0.000041,0.000003,0.000000,-6.172739,0.019893,0.000001,0.000005,0.000473,0.000213,-0.007814,0.000041,0.000000,0.000013,-0.054638,0.000059,1.002259,-0.000591,-0.125950,1.000172,-4.002014,0.022265,0.051614,1.000058,-1.567810,0.439641,0.000078,-0.000945,0.000019,0.000001,-0.026345,0.000648,0.000002,0.000000,0.000005,-4.255874,0.000001,-0.008893,0.019282,-0.084716,0.000000,0.000041,0.030859,0.000000,-1.009727,0.002056,1.000000,0.000039,0.000025,0.000022
1669829,0.002454,0.004989,0.000076,0.077402,0.000032,0.729354,-0.295135,1.799550,0.000046,0.707640,0.244216,0.692893,0.244216,1.124584,1.039754,0.179744,0.904837,1.593125,1.364016,0.996966,,1.743153,1.000000,1.450946,0.001215,0.000000,-0.163427,0.001849,0.008137,0.002338,0.001215,0.000098,0.000003,-0.739248,0.587188,0.000020,0.000135,0.013867,0.006055,-0.238977,0.001215,0.000000,0.000396,-1.641992,0.001742,1.066352,-0.019255,-3.778932,1.005088,-4.484819,0.430267,1.518762,1.000000,-2.580273,0.492468,0.002282,-0.030807,0.000546,0.000044,-0.799550,0.018985,0.000073,0.000007,0.000136,-1.591456,0.000017,-0.269447,0.555404,-2.543135,0.000000,0.001215,0.888628,0.000001,-4.006409,0.060529,1.000000,0.000000,0.000730,0.000646
1669832,0.004262,0.008056,0.000177,-2.476097,0.000076,1.283671,0.294924,2.075889,0.000112,1.611211,0.157505,0.857358,0.157505,1.260777,1.090527,0.423938,-0.336216,3.566284,1.734739,0.973822,0.256847,,0.092310,-0.063251,0.002544,0.000000,-0.733035,0.004311,0.007299,0.004317,0.002544,0.000227,0.000007,-0.321723,1.404187,0.000050,0.000327,0.027824,0.000000,-1.071906,0.002544,0.000000,0.000967,-5.681553,0.004144,1.138888,-0.155457,-7.866279,1.012138,-1.810611,-0.492682,3.344190,0.896362,-1.133091,0.683557,0.004776,-0.248730,0.001203,0.000107,-3.227667,0.036496,0.000182,0.000018,0.000312,-0.674519,0.000040,-1.062420,0.501551,-8.635841,0.000000,0.002544,0.786468,0.000003,-1.759359,0.134369,1.000000,-0.069471,0.001528,0.001471
1670727,0.002997,0.006093,0.000093,-0.126863,0.000039,0.890835,-0.060367,1.976573,0.000057,0.864313,0.381217,0.748562,0.381217,1.152167,1.048555,0.219539,0.740818,1.945848,1.444610,0.997516,1.000000,1.907690,,1.187934,0.001484,0.000000,-0.199610,0.002258,0.009938,0.002856,0.001484,0.000119,0.000004,-0.605245,0.717193,0.000025,0.000165,0.016938,0.007396,-0.291887,0.001484,0.000000,0.000483,-2.005534,0.002128,1.081043,-0.023518,-4.615598,1.006214,-3.671859,0.352273,1.855020,1.000000,-2.112549,0.584468,0.002787,-0.037628,0.000667,0.000053,-0.976573,0.023189,0.000089,0.000009,0.000166,-1.302974,0.000020,-0.329103,0.678372,-3.106192,0.000000,0.001484,1.085373,0.000001,-3.280170,0.073930,1.000000,0.000000,0.000891,0.000789
1662988,6.001358,6.002596,6.000054,-1.015571,6.000023,6.408114,-2.262902,0.358077,6.000034,6.494560,-2.601379,-0.463644,-2.601379,0.080901,0.027787,6.129579,5.292291,7.096952,0.229044,-0.078181,-1.450946,0.063251,-1.187934,,6.000789,6.000000,5.788487,6.001319,6.002660,6.001363,6.000789,6.000069,6.000002,4.948240,6.428502,6.000015,6.000100,6.008681,6.000515,5.690708,6.000789,6.000000,6.000294,4.328678,6.001265,0.043087,5.956455,2.251479,0.003705,0.038815,4.799949,7.030753,-0.027938,2.298776,-1.006055,6.001482,5.930328,6.000371,6.000032,5.061871,6.011454,6.000055,6.000006,6.000096,3.789512,6.000012,5.690672,6.182474,3.455597,6.000000,6.000789,6.287640,6.000001,0.253083,6.041373,0.000000,5.981273,6.000474,6.000451
1684885,4.957167,5.458659,6.213835,-0.010245,6.117329,5.996554,-0.000541,-0.003378,6.178944,6.009890,-0.001021,-0.000088,-0.001021,0.000000,0.176629,6.087274,5.999023,6.002912,-0.002968,-0.000041,-0.001215,-0.002544,-0.001484,5.999211,,6.000307,5.970255,11.465308,5.701278,5.032477,6.000000,6.275322,6.015089,5.999823,6.036944,6.089817,6.550645,5.912749,5.687793,5.979659,6.000000,6.000839,7.713345,5.990790,12.165692,0.000000,5.929871,5.995140,4.031285,5.999159,5.998991,6.001956,-0.063116,5.999367,-0.000278,6.000000,5.956169,6.735759,6.186030,5.991218,5.900426,6.359496,6.034673,6.349454,5.999649,6.063269,5.971340,5.995617,5.993250,6.000977,6.000000,5.997274,6.005367,5.999016,6.061653,0.000000,5.905841,6.000000,7.471518
1661745,5.999890,5.999951,5.994115,-0.000000,5.986110,6.000000,-0.000000,-0.000000,5.990700,5.999999,-0.000000,-0.000000,-0.000000,-0.000003,-0.000011,5.999997,6.000000,6.000000,-0.000001,-0.000000,-0.000000,-0.000000,-0.000000,6.000000,5.999693,,5.999999,5.999756,5.999981,5.999874,5.999693,5.995391,5.963556,6.000000,5.999999,5.982091,5.996940,5.999975,5.999982,5.999999,5.999693,5.284857,5.999039,6.000000,5.999744,-0.000006,5.999997,6.000000,-0.000087,6.000000,6.000000,6.000000,-0.000003,6.000000,-0.000000,5.999837,5.999998,5.999242,5.991045,6.000000,5.999983,5.997092,5.961224,5.996708,6.000000,5.973933,5.999999,6.000000,6.000000,5.123796,5.999693,6.000000,5.751318,6.000000,5.999993,0.000482,5.999995,5.999489,5.999318
1676716,6.069004,6.146525,6.001695,-0.590460,6.000679,9.790418,-0.021330,1.907723,6.000988,21.990000,0.082344,-0.010456,0.082344,3.049284,0.898156,9.911293,6.197167,12.053822,9.187972,0.005344,0.163427,0.733035,0.199610,6.211513,6.029745,6.000001,,6.040732,6.298722,6.063135,6.029745,6.002163,6.000060,5.970073,18.580382,6.000423,6.002846,6.351722,6.277881,6.000000,6.029745,6.000003,6.008273,5.071055,6.037540,1.624023,6.706909,5.423374,0.109291,5.787388,6.166944,11.523752,1.060364,5.897773,0.000469,6.055850,7.131051,6.012766,6.000916,5.727468,6.497871,6.001493,6.000151,6.003032,5.931595,6.000357,4.869834,7.774333,5.240645,6.000004,6.029745,7.092447,6.000023,5.841271,7.403005,0.000000,6.710783,6.017862,6.014590
1670723,3.350671,4.765602,5.977717,-0.013363,6.043078,5.991002,-0.000717,-0.006779,6.075953,5.995492,-0.001490,-0.000109,-0.001490,-0.053313,-0.079906,6.013331,5.998439,5.997154,-0.018931,-0.000063,-0.001849,-0.004311,-0.002258,5.998681,0.534692,6.000244,5.959268,,5.454887,3.105176,0.534692,5.975486,6.011576,5.999792,6.011205,6.054188,6.276737,5.501969,5.470907,5.972145,0.534692,6.000641,6.989177,5.988436,7.850332,-0.100101,5.897579,5.993996,1.128375,5.999088,5.998430,5.996443,-0.096012,5.999248,-0.000381,3.089222,5.935987,4.397954,6.103448,5.988282,5.636894,6.260906,6.023697,5.906002,5.999597,6.025140,5.962029,5.991994,5.991614,6.000727,0.534692,5.995034,6.003678,5.998832,5.917110,0.000000,5.856767,2.070860,5.203002
1676709,6.423492,6.735759,6.022345,-0.117589,6.009736,6.059752,-0.005963,0.013569,6.014380,6.497373,-0.008199,-0.001145,-0.008199,1.175577,8.869204,9.217808,5.995092,6.179951,0.298030,-0.000283,-0.008137,-0.007299,-0.009938,5.997340,6.298722,6.000019,5.701278,6.545113,,6.456080,6.298722,6.028580,6.000977,5.997480,7.239504,6.006484,6.042288,9.161474,5.104166,5.795715,6.298722,6.000054,6.125730,5.884376,6.530495,2.207277,5.436566,5.936841,1.556423,5.986258,5.994022,6.157149,-0.422575,5.991093,-0.002776,6.560884,5.647853,6.146525,6.013832,5.905020,10.000000,6.023945,6.002376,6.039146,5.994773,6.005163,5.684036,6.000147,5.913307,6.000064,6.298722,5.999818,6.000367,5.986170,10.308586,0.000000,5.369592,6.179381,6.183156
1656298,5.384125,5.496005,6.116557,-0.022618,6.055776,5.998284,-0.001180,-0.004352,6.083551,6.044605,-0.002045,-0.000202,-0.002045,0.069738,0.795810,6.324134,5.998216,6.015122,0.013149,-0.000080,-0.002338,-0.004317,-0.002856,5.998637,6.967523,6.000126,5.936865,8.894824,5.543920,,6.967523,6.149456,6.006281,5.999581,6.129935,6.039561,6.250741,6.309987,5.470190,5.956825,6.967523,6.000349,6.761244,5.979079,8.992193,0.130940,5.859505,5.988834,8.849563,5.997900,5.998105,6.012309,-0.121432,5.998504,-0.000589,7.816631,5.912190,6.626602,6.083238,5.980958,6.085261,6.151836,6.014861,6.198995,5.999154,6.029795,5.937498,5.993316,5.984551,6.000410,6.967523,5.995827,6.002299,5.997678,6.349724,0.000000,5.818845,6.580993,6.897273
1686655,4.957167,5.458659,6.213835,-0.010245,6.117329,5.996554,-0.000541,-0.003378,6.178944,6.009890,-0.001021,-0.000088,-0.001021,0.000000,0.176629,6.087274,5.999023,6.002912,-0.002968,-0.000041,-0.001215,-0.002544,-0.001484,5.999211,6.000000,6.000307,5.970255,11.465308,5.701278,5.032477,,6.275322,6.015089,5.999823,6.036944,6.089817,6.550645,5.912749,5.687793,5.979659,6.000000,6.000839,7.713345,5.990790,12.165692,0.000000,5.929871,5.995140,4.031285,5.999159,5.998991,6.001956,-0.063116,5.999367,-0.000278,6.000000,5.956169,6.735759,6.186030,5.991218,5.900426,6.359496,6.034673,6.349454,5.999649,6.063269,5.971340,5.995617,5.993250,6.000977,6.000000,5.997274,6.005367,5.999016,6.061653,0.000000,5.905841,6.000000,7.471518
1674165,5.862629,5.935787,5.944936,-0.000712,6.908604,5.999534,-0.000038,-0.000354,7.559809,5.999810,-0.000079,-0.000006,-0.000079,-0.002686,-0.003364,6.000999,5.999918,5.999868,-0.000965,-0.000003,-0.000098,-0.000227,-0.000119,5.999931,5.724678,6.004609,5.997837,6.024514,5.971420,5.850544,5.724678,,6.219318,5.999989,6.000703,7.055615,11.530000,5.974584,5.972176,5.998521,5.724678,6.012141,8.622980,5.999383,6.180315,-0.005043,5.994578,5.999679,0.071947,5.999951,5.999917,5.999828,-0.005073,5.999960,-0.000020,5.853366,5.996611,5.522266,8.037258,5.999377,5.981335,10.972347,6.454665,5.500781,5.999978,6.522394,5.997980,5.999580,5.999552,6.013814,5.724678,5.999740,6.070546,5.999937,5.996055,0.000001,5.992432,5.541508,5.792937
1660904,5.994530,5.997550,5.719844,-0.000019,5.363134,5.999981,-0.000001,-0.000013,5.578400,5.999970,-0.000002,-0.000000,-0.000002,-0.000147,-0.000533,5.999882,5.999997,5.999987,-0.000047,-0.000000,-0.000003,-0.000007,-0.000004,5.999998,5.984911,6.036444,5.999940,5.988424,5.999023,5.993719,5.984911,5.780682,,6.000000,5.999966,5.252396,5.864441,5.998779,5.999092,5.999959,5.984911,5.988773,5.959046,5.999984,5.988138,-0.000276,5.999841,5.999992,-0.004017,5.999999,5.999997,5.999987,-0.000153,5.999999,-0.000001,5.991964,5.999901,5.963083,5.613060,5.999983,5.999174,5.916179,4.586460,5.842455,6.000000,4.811444,5.999946,5.999986,5.999989,5.909280,5.984911,5.999991,4.216119,5.999999,5.999662,0.000012,5.999771,5.974872,5.967182
1671132,6.000477,6.001053,6.000009,0.078013,6.000003,6.139445,1.550804,0.198371,6.000005,6.085059,0.894378,2.232033,0.894378,0.018118,0.004777,6.019589,6.886943,6.199883,0.056676,6.172739,0.739248,0.321723,0.605245,7.051760,6.000177,6.000000,6.029927,6.000208,6.002520,6.000419,6.000177,6.000011,6.000000,,6.061347,6.000002,6.000014,6.002182,6.002621,6.043762,6.000177,6.000000,6.000039,6.069481,6.000185,0.009650,6.013015,6.110021,0.000535,2.267359,6.877195,6.198192,0.014234,6.183478,3.211588,6.000332,6.020824,6.000071,6.000004,6.097162,6.003207,6.000007,6.000001,6.000016,4.563565,6.000002,6.029269,6.171558,6.085115,6.000000,6.000177,6.276685,6.000000,6.118166,6.007749,0.000000,6.009541,6.000106,6.000078
1668202,5.836278,5.605014,5.999436,-4.068677,6.000003,2.845046,-0.219225,-2.282975,6.000062,3.021542,-0.468511,-0.032587,-0.468511,-3.787301,-0.462730,5.398916,5.498290,4.520492,-7.153291,-0.019893,-0.587188,-1.404187,-0.717193,5.571498,5.963056,6.000001,-6.580382,5.988795,4.760496,5.870065,5.963056,5.999297,6.000034,5.938653,,6.000122,6.000434,5.455809,4.523818,-2.603238,5.963056,6.000002,6.002073,2.520551,5.997807,-2.017085,-5.154064,4.202905,-0.002913,5.739388,5.498468,4.353352,-10.565459,5.777856,-0.117625,5.930633,-11.846438,5.989446,6.000203,2.407792,5.092136,6.000736,6.000063,5.998753,5.882223,6.000012,-5.615519,3.351371,3.485179,6.000002,5.963056,4.357781,6.000010,5.655076,4.941972,0.000000,-1.082239,5.977815,5.992483
1668205,5.965097,5.984197,4.646007,-0.000135,3.762034,5.999881,-0.000007,-0.000083,4.690349,5.999844,-0.000016,-0.000001,-0.000016,-0.000876,-0.002776,5.999496,5.999982,5.999929,-0.000287,-0.000001,-0.000020,-0.000050,-0.000025,5.999985,5.910183,6.017909,5.999577,5.945812,5.993516,5.960439,5.910183,4.944385,6.747604,5.999998,5.999878,,5.692789,5.992538,5.993890,5.999711,5.910183,6.040710,5.966643,5.999886,5.954166,-0.001645,5.998898,5.999942,-0.014842,5.999992,5.999983,5.999925,-0.001055,5.999993,-0.000004,5.952164,5.999311,5.792484,5.484695,5.999880,5.994857,7.474619,6.839886,5.210544,5.999996,2.060000,5.999613,5.999905,5.999918,6.041620,5.910183,5.999941,6.132931,5.999989,5.998127,0.000002,5.998426,5.850429,5.829115
1667047,5.777178,5.898527,1.594884,-0.000913,5.460598,5.999239,-0.000049,-0.000540,5.525436,5.999127,-0.000107,-0.000007,-0.000107,-0.005371,-0.015521,5.997652,5.999884,5.999590,-0.001782,-0.000005,-0.000135,-0.000327,-0.000165,5.999900,5.449355,6.003060,5.997154,5.723263,5.957712,5.749259,5.449355,0.470000,6.135559,5.999986,5.999566,6.307211,,5.953512,5.959897,5.998054,5.449355,6.007440,6.588607,5.999224,5.812366,-0.010085,5.992647,5.999601,-0.056812,5.999944,5.999884,5.999559,-0.007004,5.999951,-0.000027,5.706731,5.995404,4.773862,6.338007,5.999191,5.967627,8.724017,6.212906,1.719028,5.999974,5.773990,5.997386,5.999379,5.999441,6.008014,5.449355,5.999615,6.033285,5.999924,5.989041,0.000000,5.989551,5.083016,5.044533
1668825,5.452555,4.382597,6.019783,-0.122962,6.010117,5.970918,-0.006462,-0.034070,6.015294,6.166145,-0.011814,-0.001074,-0.011814,0.145298,2.965522,7.321361,5.989049,6.053065,0.005428,-0.000473,-0.013867,-0.027824,-0.016938,5.991319,6.087251,6.000025,5.648278,6.498031,2.838526,5.690013,6.087251,6.025416,6.001221,5.997818,6.544191,6.007462,6.046488,,2.585095,5.759471,6.087251,6.000068,6.142940,5.888232,6.537181,0.272812,5.188161,5.940762,1.597264,5.989397,5.988582,6.040124,-0.720209,5.992195,-0.003281,6.163823,5.492599,6.088409,6.015573,5.895318,5.440562,6.029280,6.002844,6.033098,5.995640,6.005430,5.657625,5.953626,5.917846,6.000079,6.087251,5.971127,6.000440,5.987881,7.185021,0.000000,4.925574,6.052394,6.144721
1692303,6.523082,6.988677,6.021764,-0.114854,6.009303,6.090693,-0.005745,0.030293,6.013699,6.610783,-0.006865,-0.001162,-0.006865,1.530983,10.890548,9.864501,5.997261,6.223471,0.399221,-0.000213,-0.006055,0.000000,-0.007396,5.999485,6.312207,6.000018,5.722119,6.529093,6.895834,6.529810,6.312207,6.027824,6.000908,5.997379,7.476182,6.006110,6.040103,9.414905,,5.809968,6.312207,6.000051,6.118669,5.883839,6.508609,2.874590,5.528289,5.935907,1.489666,5.985247,5.995986,6.197350,-0.314474,5.990768,-0.002578,6.586203,5.705179,6.147670,6.013073,5.909122,10.479171,6.022354,6.002226,6.038316,5.994504,6.004926,5.695611,6.016572,5.912322,6.000060,6.312207,6.009950,6.000344,5.985665,11.380789,0.000000,5.530859,6.187479,6.180486
1690979,6.047189,6.100203,6.001159,-0.863421,6.000464,11.542670,-0.031191,2.789633,6.000676,16.934944,0.120410,-0.015290,0.120410,2.085287,0.614214,8.674783,6.288314,14.852411,6.283300,0.007814,0.238977,1.071906,0.291887,6.309292,6.020341,6.000001,6.000000,6.027855,6.204285,6.043175,6.020341,6.001479,6.000041,5.956238,14.603238,6.000289,6.001946,6.240529,6.190032,,6.020341,6.000002,6.005657,4.641618,6.025672,1.110607,6.483428,5.156809,0.074740,5.689101,6.244119,14.077297,0.725142,5.850515,0.000685,6.038193,6.773482,6.008730,6.000627,5.601481,6.340475,6.001021,6.000103,6.002073,5.899972,6.000244,4.977384,8.594580,4.889607,6.000003,6.020341,7.597469,6.000016,5.767893,6.959461,0.000000,6.486077,6.012215,6.009978
1684052,4.957167,5.458659,6.213835,-0.010245,6.117329,5.996554,-0.000541,-0.003378,6.178944,6.009890,-0.001021,-0.000088,-0.001021,0.000000,0.176629,6.087274,5.999023,6.002912,-0.002968,-0.000041,-0.001215,-0.002544,-0.001484,5.999211,6.000000,6.000307,5.970255,11.465308,5.701278,5.032477,6.000000,6.275322,6.015089,5.999823,6.036944,6.089817,6.550645,5.912749,5.687793,5.979659,,6.000839,7.713345,5.990790,12.165692,0.000000,5.929871,5.995140,4.031285,5.999159,5.998991,6.001956,-0.063116,5.999367,-0.000278,6.000000,5.956169,6.735759,6.186030,5.991218,5.900426,6.359496,6.034673,6.349454,5.999649,6.063269,5.971340,5.995617,5.993250,6.000977,6.000000,5.997274,6.005367,5.999016,6.061653,0.000000,5.905841,6.000000,7.471518
1667052,5.999696,5.999864,5.984490,-0.000001,5.964899,5.999999,-0.000000,-0.000001,5.976796,5.999998,-0.000000,-0.000000,-0.000000,-0.000008,-0.000030,5.999994,6.000000,5.999999,-0.000003,-0.000000,-0.000000,-0.000000,-0.000000,6.000000,5.999161,6.715143,5.999997,5.999359,5.999946,5.999651,5.999161,5.987859,6.011227,6.000000,5.999998,5.959290,5.992560,5.999932,5.999949,5.999998,5.999161,,5.997764,5.999999,5.999345,-0.000015,5.999991,6.000000,-0.000222,6.000000,6.000000,5.999999,-0.000009,6.000000,-0.000000,5.999553,5.999994,5.997951,5.978833,5.999999,5.999954,5.995713,5.924541,5.991273,6.000000,5.934537,5.999997,5.999999,5.999999,5.100251,5.999161,6.000000,5.519232,6.000000,5.999981,0.000216,5.999987,5.998604,5.998181
1656299,5.327102,5.694861,3.916434,-0.002640,5.647441,5.997700,-0.000143,-0.001615,5.608881,5.997092,-0.000313,-0.000021,-0.000313,-0.016713,-0.051752,5.990985,5.999658,5.998667,-0.005486,-0.000013,-0.000396,-0.000967,-0.000483,5.999706,4.286655,6.000961,5.991727,5.010823,5.874270,5.238756,4.286655,3.377020,6.040954,5.999961,5.997927,6.033357,5.411393,5.857060,5.881331,5.994343,4.286655,6.002236,,5.997767,5.200573,-0.031381,5.978493,5.998853,-0.255699,5.999841,5.999660,5.998589,-0.020557,5.999860,-0.000077,5.087487,5.986558,2.078405,5.943479,5.997654,5.901222,6.762800,6.052591,1.771757,5.999927,5.837196,5.992429,5.998153,5.998391,6.002331,4.286655,5.998855,6.008279,5.999783,5.964694,0.000000,5.969332,3.146782,2.814164
1681092,6.023444,6.051043,6.000484,1.573256,6.000188,12.874930,0.190758,9.373582,6.000272,10.642403,1.063706,-0.009005,1.063706,0.944206,0.260731,7.097780,7.697984,16.790139,2.909701,0.054638,1.641992,5.681553,2.005534,7.671322,6.009210,6.000000,6.928945,6.011564,6.115624,6.020921,6.009210,6.000617,6.000016,5.930519,9.479449,6.000114,6.000776,6.111768,6.116161,7.358382,6.009210,6.000001,6.002233,,6.010441,0.502876,6.492510,5.503415,0.030305,5.266508,7.542753,16.594889,0.574595,5.779907,0.163444,6.017294,6.788013,6.003812,6.000248,8.556431,6.161873,6.000393,6.000040,6.000872,5.810458,6.000098,6.721265,13.874145,5.549000,6.000001,6.009210,13.850546,6.000006,5.658260,6.416211,0.000000,6.385163,6.005531,6.004235
1667050,3.306059,4.760499,5.854496,-0.012178,6.013241,5.990824,-0.000656,-0.006693,6.037451,5.992117,-0.001393,-0.000098,-0.001393,-0.060145,-0.140095,5.990359,5.998515,5.995966,-0.020518,-0.000059,-0.001742,-0.004144,-0.002128,5.998735,-0.165692,6.000256,5.962460,4.149668,5.469505,3.007807,-0.165692,5.819685,6.011862,5.999815,6.002193,6.045834,6.187634,5.462819,5.491391,5.974328,-0.165692,6.000655,6.799427,5.989559,,-0.112929,5.904285,5.994601,0.132976,5.999209,5.998514,5.995434,-0.090467,5.999331,-0.000351,2.716203,5.940178,2.932140,6.080146,5.989264,5.618521,6.257534,6.022369,5.665303,5.999644,6.010355,5.965268,5.992208,5.992448,6.000730,-0.165692,5.995168,6.003479,5.998961,5.889053,0.000000,5.865039,-0.612755,3.915429
1676710,-0.198283,-0.541341,0.003917,0.440629,0.002149,-0.188131,0.970467,0.815584,0.003277,0.539988,0.944280,0.995189,0.944280,1.000000,2.659132,4.765009,-0.053367,0.159017,0.837974,0.997741,0.933648,0.861112,0.918957,-0.043087,0.000000,0.000006,-1.624023,0.100101,-2.207277,-0.130940,0.000000,0.005043,0.000276,-0.009650,2.017085,0.001645,0.010085,-0.272812,-2.874590,-1.110607,0.000000,0.000015,0.031381,-0.502876,0.112929,,-3.828929,-0.265328,1.337593,-0.045935,-0.055092,0.106794,-2.446036,-0.034587,0.984843,0.000000,-2.393089,0.013476,0.003407,-0.479481,-0.735759,0.006584,0.000635,0.006400,-0.019159,0.001159,-1.564809,-0.239331,-0.368546,0.000018,0.000000,-0.148836,0.000098,-0.053704,1.739795,1.000000,-5.140882,0.000000,0.026952
1681479,6.150035,6.310914,6.004246,-0.417402,6.001737,7.034561,-0.019138,0.481638,6.002539,10.944831,0.000000,-0.005174,0.000000,7.189237,2.223444,15.911998,6.034845,7.852344,3.808459,0.000591,0.019255,0.155457,0.023518,6.043545,6.070129,6.000003,5.293091,6.102421,6.563434,6.140495,6.070129,6.005422,6.000159,5.986985,17.154064,6.001102,6.007353,6.811839,6.471711,5.516572,6.070129,6.000009,6.021507,5.507490,6.095715,3.828929,,5.714665,0.279218,5.917381,6.025192,7.673482,1.000000,5.954834,-0.006460,6.131675,6.000000,6.030959,6.002377,5.711017,7.126867,6.003941,6.000396,6.007556,5.971512,6.000916,4.985980,6.418445,5.615914,6.000011,6.070129,6.256990,6.000061,5.929871,9.418863,0.000000,6.670320,6.042112,6.036119
1681061,6.012563,6.027459,6.000251,1.171884,6.000097,9.681124,0.526414,5.077945,6.000140,8.420674,2.499049,0.000000,2.499049,0.498184,0.135949,6.568659,9.846734,11.641879,1.541242,0.125950,3.778932,7.866279,4.615598,9.748521,6.004860,6.000000,6.576626,6.006004,6.063159,6.011166,6.004860,6.000321,6.000008,5.889979,7.797095,6.000058,6.000399,6.059238,6.064093,6.843191,6.004860,6.000000,6.001147,6.496585,6.005399,0.265328,6.285335,,0.015660,4.614559,9.521507,11.553559,0.326098,5.667591,0.410405,6.009125,6.456535,6.001998,6.000128,7.692648,6.086125,6.000201,6.000020,6.000454,5.671175,6.000051,6.490825,10.300812,6.253688,6.000001,6.004860,12.931494,6.000003,5.483865,6.217905,0.000000,6.218590,6.002918,6.002208
1668199,-7.950530,-3.652029,-0.057877,0.964604,0.002317,-0.027092,0.998094,0.980326,0.009850,-0.024540,0.995937,0.999716,0.995937,0.820201,0.563779,-0.037427,-0.004342,-0.012348,0.938956,0.999828,0.994912,0.987862,0.993786,-0.003705,-4.031285,0.000087,-0.109291,-1.128375,-1.556423,-8.849563,-4.031285,-0.071947,0.004017,-0.000535,0.002913,0.014842,0.056812,-1.597264,-1.489666,-0.074740,-4.031285,0.000222,0.255699,-0.030305,-0.132976,0.662407,-0.279218,-0.015660,,-0.002282,-0.004343,-0.013844,0.735778,-0.001938,0.998978,-7.569183,-0.174512,-1.138937,0.025327,-0.031230,-1.130589,0.086523,0.007441,-0.130061,-0.001029,0.002426,-0.101003,-0.022862,-0.021911,0.000246,-4.031285,-0.014175,0.001158,-0.003010,-0.337750,1.000000,-0.394173,-2.420769,-0.794847
1696939,6.002427,6.005442,6.000039,0.648571,6.000014,6.707400,12.120765,1.051557,6.000020,6.381582,5.677336,2.992228,5.677336,0.086249,0.021426,6.084688,11.170872,6.909949,0.274680,4.002014,4.484819,1.810611,3.671859,11.961185,6.000841,6.000000,6.212612,6.000912,6.013742,6.002100,6.000841,6.000049,6.000001,9.732641,6.260612,6.000008,6.000056,6.010603,6.014753,6.310899,6.000841,6.000000,6.000159,6.733492,6.000791,0.045935,6.082619,7.385441,0.002282,,11.215685,6.913825,0.086354,16.022745,17.889185,6.001580,6.132190,6.000329,6.000018,6.741363,6.015846,6.000026,6.000003,6.000070,11.134853,6.000007,6.228760,6.935274,6.999549,6.000000,6.000841,7.509737,6.000000,12.455013,6.035512,0.000000,6.057885,6.000505,6.000348
1671134,6.001967,6.003951,6.000065,-0.889521,6.000027,6.586149,-1.643011,0.616077,6.000040,6.597936,-1.282455,-0.371164,-1.282455,0.103441,0.033592,6.153052,6.494927,7.341265,0.300062,-0.022265,-0.430267,0.492682,-0.352273,7.200051,6.001009,6.000000,5.833056,6.001570,6.005978,6.001895,6.001009,6.000083,6.000003,5.122805,6.501532,6.000017,6.000116,6.011418,6.004014,5.755881,6.001009,6.000000,6.000340,4.457247,6.001486,0.055092,5.974808,2.478493,0.004343,0.784315,,7.274211,-0.008285,2.930615,-0.673998,6.001895,5.959693,6.000458,6.000037,5.211913,6.015504,6.000063,6.000006,6.000115,4.125152,6.000014,5.736439,6.408305,3.623661,6.000000,6.001009,6.651996,6.000001,1.234144,6.050870,0.000000,5.994447,6.000606,6.000546
1664295,5.983110,5.956641,6.000133,-11.972217,6.000089,1.229279,-0.636261,-4.835140,6.000139,6.785162,-1.252206,-0.100705,-1.252206,-0.200518,0.044296,6.416781,4.750698,6.863697,-0.988677,-0.051614,-1.518762,-3.344190,-1.855020,4.969247,5.998044,6.000000,0.476248,6.003557,5.842851,5.987691,5.998044,6.000172,6.000013,5.801808,7.646648,6.000075,6.000441,5.959876,5.802650,-2.077297,5.998044,6.000001,6.001411,-4.594889,6.004566,-0.106794,4.326518,0.446441,0.013844,5.086175,4.725789,,-1.534025,5.287487,-0.331370,5.996327,3.322438,6.000000,6.000152,-4.361015,5.921425,6.000312,6.000030,6.000199,5.610294,6.000049,-0.943825,0.021374,-1.731553,6.000001,5.998044,2.286635,6.000005,4.893676,6.016123,0.000000,4.971712,5.998825,6.000720
1670730,0.127439,0.259095,0.003971,0.478248,0.001646,0.881971,0.975063,1.385311,0.002411,4.591376,0.985448,0.994087,0.985448,7.470314,3.064627,9.335048,0.017422,1.708640,4.385297,0.999942,1.000000,1.103638,1.000000,0.027938,0.063116,0.000003,-1.060364,0.096012,0.422575,0.121432,0.063116,0.005073,0.000153,-0.014234,10.565459,0.001055,0.007004,0.720209,0.314474,-0.725142,0.063116,0.000009,0.020557,-0.574595,0.090467,4.446036,-1.000000,-0.326098,1.264222,-0.086354,0.008285,1.534025,,-0.049682,0.990228,0.118508,-0.625002,0.028379,0.002270,-0.385311,0.986009,0.003799,0.000381,0.007046,-0.030643,0.000869,-1.321299,0.314095,-0.441931,0.000010,0.063116,0.192420,0.000059,-0.077142,3.143592,1.000000,0.000000,0.037901,0.033539
1681561,6.001698,6.003745,6.000032,0.259697,6.000012,6.496679,5.217965,0.703315,6.000017,6.306554,3.103669,0.490962,3.103669,0.064942,0.017215,6.070827,9.110883,6.719427,0.202795,1.567810,2.580273,1.133091,2.112549,9.701224,6.000633,6.000000,6.102227,6.000752,6.008907,6.001496,6.000633,6.000040,6.000001,5.816522,6.222144,6.000007,6.000049,6.007805,6.009232,6.149485,6.000633,6.000000,6.000140,6.220093,6.000669,0.034587,6.045166,6.332409,0.001938,-4.022745,9.069385,6.712513,0.049682,,5.904248,6.001189,6.072265,6.000256,6.000016,6.328214,6.011452,6.000024,6.000002,6.000057,4.463693,6.000006,6.098481,6.606392,6.262354,6.000000,6.000633,6.977876,6.000000,6.000000,6.027874,0.000000,6.033303,6.000380,6.000280
1664686,0.000643,0.001365,0.000016,0.934921,0.000006,0.189525,0.228868,1.239008,0.000009,0.149394,1.443893,-0.126807,1.443893,1.028460,1.008391,0.036562,0.751049,0.342093,1.085721,1.560359,1.507532,1.316443,1.415532,1.006055,0.000278,0.000000,-0.000469,0.000381,0.002776,0.000589,0.000278,0.000020,0.000001,-3.211588,0.117625,0.000004,0.000027,0.003281,0.002578,-0.000685,0.000278,0.000000,0.000077,-0.163444,0.000351,1.015157,0.006460,-0.410405,1.001022,-17.889185,0.673998,0.331370,1.009772,-5.904248,,0.000521,0.010336,0.000119,0.000009,-0.036109,0.004643,0.000014,0.000001,0.000028,-7.331237,0.000003,-0.014554,0.189204,-0.268590,0.000000,0.000278,0.304229,0.000000,-3.802551,0.013104,1.000000,0.006551,0.000167,0.000136
1700617,4.041966,4.983572,6.113887,-0.019237,6.062488,5.993530,-0.001016,-0.006342,6.095304,6.018570,-0.001916,-0.000165,-0.001916,0.000000,0.331640,6.163867,5.998165,6.005469,-0.005572,-0.000078,-0.002282,-0.004776,-0.002787,5.998518,6.000000,6.000163,5.944150,8.910778,5.439116,4.183369,6.000000,6.146634,6.008036,5.999668,6.069367,6.047836,6.293269,5.836177,5.413797,5.961807,6.000000,6.000447,6.912513,5.982706,9.283797,0.000000,5.868325,5.990875,7.569183,5.998420,5.998105,6.003673,-0.118508,5.998811,-0.000521,,5.917703,6.391859,6.099078,5.983511,5.813039,6.191465,6.018467,6.186116,5.999341,6.033697,5.946187,5.991770,5.987326,6.000520,6.000000,5.994882,6.002859,5.998153,6.115760,0.000000,5.823207,6.000000,6.783718
1681469,6.093772,6.194322,6.002654,-0.667841,6.001086,7.655291,-0.030621,0.770618,6.001587,13.911701,0.000000,-0.008279,0.000000,4.493290,1.389658,12.195021,6.055751,8.963740,6.093512,0.000945,0.030807,0.248730,0.037628,6.069672,6.043831,6.000002,4.868949,6.064013,6.352147,6.087810,6.043831,6.003389,6.000099,5.979176,23.846438,6.000689,6.004596,6.507401,6.294821,5.226518,6.043831,6.000006,6.013442,5.211987,6.059822,2.393089,6.000000,5.543465,0.174512,5.867810,6.040307,8.677562,0.625002,5.927735,-0.010336,6.082297,,6.019349,6.001486,5.537629,6.704295,6.002463,6.000247,6.004723,5.954419,6.000573,4.377574,6.669510,5.385464,6.000007,6.043831,6.411182,6.000038,5.887794,8.136797,0.000000,6.418952,6.026320,6.022574
1690136,5.388008,5.701278,6.368346,-0.004307,6.248059,5.997945,-0.000229,-0.001740,6.386846,6.001815,-0.000451,-0.000036,-0.000451,-0.007177,0.032489,6.023163,5.999551,6.000330,-0.003275,-0.000019,-0.000546,-0.001203,-0.000667,5.999629,5.264241,6.000758,5.987234,7.602046,5.853475,5.373398,5.264241,6.477734,6.036917,5.999929,6.010554,6.207516,7.226138,5.911591,5.852330,5.991270,5.264241,6.002049,9.921595,5.996188,9.067860,-0.013476,5.969041,5.998002,1.138937,5.999671,5.999542,6.000000,-0.028379,5.999744,-0.000119,5.608141,5.980651,,6.422510,5.996272,5.926737,6.867166,6.082418,6.554116,5.999860,6.135353,5.987871,5.997849,5.997218,6.002371,5.264241,5.998664,6.012766,5.999602,6.003936,0.000000,5.957663,4.774747,8.000000
1653679,5.926309,5.966542,3.382794,-0.000293,3.307226,5.999748,-0.000016,-0.000177,4.003704,5.999690,-0.000035,-0.000002,-0.000035,-0.001815,-0.005512,5.999074,5.999962,5.999857,-0.000597,-0.000001,-0.000044,-0.000107,-0.000053,5.999968,5.813970,6.008955,5.999084,5.896552,5.986168,5.916762,5.813970,3.962742,6.386940,5.999996,5.999797,6.515305,5.661993,5.984427,5.986927,5.999373,5.813970,6.021167,6.056521,5.999752,5.919854,-0.003407,5.997623,5.999872,-0.025327,5.999982,5.999963,5.999848,-0.002270,5.999984,-0.000009,5.900922,5.998514,5.577490,,5.999740,5.989215,10.232389,6.536373,4.453399,5.999992,4.780004,5.999161,5.999797,5.999821,6.022325,5.813970,5.999874,6.084203,5.999976,5.996204,0.000001,5.996613,5.690206,5.660661
1667051,6.020982,6.044924,6.000488,-0.923116,6.000194,12.173954,-0.018061,8.000000,6.000282,10.630315,0.453215,-0.030693,0.453215,0.900279,0.260075,7.121528,6.904329,16.651386,2.731652,0.026345,0.799550,3.227667,0.976573,6.938129,6.008782,6.000000,6.272532,6.011718,6.094980,6.019042,6.008782,6.000623,6.000017,5.902838,9.592208,6.000120,6.000809,6.104682,6.090878,6.398519,6.008782,6.000001,6.002346,3.443569,6.010736,0.479481,6.288983,4.307352,0.031230,5.258637,6.788087,16.361015,0.385311,5.671786,0.036109,6.016489,6.462371,6.003728,6.000260,,6.149254,6.000421,6.000043,6.000875,5.771371,6.000102,5.905954,12.471046,3.814196,6.000001,6.008782,10.678834,6.000007,5.490380,6.408880,0.000000,6.258281,6.005274,6.004225
1686624,5.781838,5.264241,6.014546,-0.176384,6.007140,5.973778,-0.009231,-0.040706,6.010733,6.298225,-0.016399,-0.001562,-0.016399,0.391859,5.321523,8.241235,5.985275,6.098983,0.059606,-0.000648,-0.018985,-0.036496,-0.023189,5.988546,6.099574,6.000017,5.502129,6.363106,2.000000,5.914739,6.099574,6.018665,6.000826,5.996793,6.907864,6.005143,6.032373,6.559438,1.520829,5.659525,6.099574,6.000046,6.098778,5.838127,6.381479,0.735759,4.873133,5.913875,1.130589,5.984154,5.984496,6.078575,-0.986009,5.988548,-0.004643,6.186961,5.295705,6.073263,6.010785,5.850746,,6.019914,6.001943,6.024648,5.993559,6.003821,5.510904,5.941352,5.880715,6.000054,6.099574,5.963437,6.000301,5.982219,8.261752,0.000000,4.529048,6.059794,6.109894
1659957,5.867315,5.940390,-0.357271,-0.000470,0.358241,5.999546,-0.000026,-0.000311,-1.229651,5.999309,-0.000057,-0.000004,-0.000057,-0.003507,-0.012299,5.997397,5.999936,5.999697,-0.001127,-0.000002,-0.000073,-0.000182,-0.000089,5.999945,5.640504,6.002908,5.998507,5.739094,5.976055,5.848164,5.640504,1.027653,6.083821,5.999993,5.999264,4.525381,3.275983,5.970720,5.977646,5.998979,5.640504,6.004287,5.237200,5.999607,5.742466,-0.006584,5.996059,5.999799,-0.086523,5.999974,5.999937,5.999688,-0.003799,5.999976,-0.000014,5.808535,5.997537,5.132834,1.767611,5.999579,5.980086,,5.803223,2.396637,5.999987,3.213869,5.998645,5.999648,5.999718,6.002425,5.640504,5.999782,5.970832,5.999962,5.992089,0.000001,5.994333,5.401334,5.242880
1670722,5.986969,5.994129,5.418117,-0.000048,4.842966,5.999955,-0.000003,-0.000031,5.267962,5.999936,-0.000006,-0.000000,-0.000006,-0.000338,-0.001147,5.999769,5.999994,5.999971,-0.000109,-0.000000,-0.000007,-0.000018,-0.000009,5.999994,5.965327,6.038776,5.999849,5.976303,5.997624,5.985139,5.965327,5.545335,7.413540,5.999999,5.999937,5.160114,5.787094,5.997156,5.997774,5.999897,5.965327,6.075459,5.947409,5.999960,5.977631,-0.000635,5.999604,5.999980,-0.007441,5.999997,5.999994,5.999970,-0.000381,5.999998,-0.000001,5.981533,5.999753,5.917582,5.463627,5.999957,5.998057,6.196777,,5.667247,5.999999,3.887363,5.999863,5.999965,5.999971,6.066460,5.965327,5.999978,6.010789,5.999996,5.999251,0.000006,5.999432,5.942259,5.929415
1659958,5.815620,5.913295,6.355043,-0.001002,6.752078,5.999375,-0.000054,-0.000482,7.250345,5.999854,-0.000110,-0.000008,-0.000110,-0.003409,-0.002572,6.002106,5.999886,5.999860,-0.001253,-0.000005,-0.000136,-0.000312,-0.000166,5.999904,5.650546,6.003292,5.996968,6.093998,5.960854,5.801005,5.650546,6.499219,6.157545,5.999984,6.001247,6.789456,10.280972,5.966902,5.961684,5.997927,5.650546,6.008727,10.228243,5.999128,6.334697,-0.006400,5.992444,5.999546,0.130061,5.999930,5.999885,5.999801,-0.007046,5.999943,-0.000028,5.813884,5.995277,5.445884,7.546601,5.999125,5.975352,9.603363,6.332753,,5.999969,6.424807,5.997160,5.999425,5.999367,6.009971,5.650546,5.999643,6.051608,5.999911,5.995586,0.000000,5.989489,5.418058,5.841681
1696938,6.000967,6.002146,6.000017,0.190401,6.000006,6.282446,3.686041,0.407595,6.000009,6.165892,1.957623,2.133513,1.957623,0.035973,0.009316,6.037796,7.882518,6.391535,0.113154,4.255874,1.591456,0.674519,1.302974,8.210488,6.000351,6.000000,6.068405,6.000403,6.005227,6.000846,6.000351,6.000022,6.000000,7.436435,6.117777,6.000004,6.000026,6.004360,6.005496,6.100028,6.000351,6.000000,6.000073,6.189542,6.000356,0.019159,6.028488,6.328825,0.001029,0.865147,7.874848,6.389706,0.030643,7.536307,7.331237,6.000659,6.045581,6.000140,6.000008,6.228629,6.006441,6.000013,6.000001,6.000031,,6.000003,6.069568,6.355814,6.245130,6.000000,6.000351,6.574020,6.000000,6.989438,6.015209,0.000000,6.020541,6.000211,6.000151
1660905,5.973337,5.987790,5.323864,-0.000115,5.798428,5.999909,-0.000006,-0.000065,6.139794,5.999910,-0.000013,-0.000001,-0.000013,-0.000617,-0.001604,5.999819,5.999986,5.999956,-0.000208,-0.000001,-0.000017,-0.000040,-0.000020,5.999988,5.936731,6.026067,5.999643,5.974860,5.994837,5.970205,5.936731,5.477606,7.188556,5.999998,5.999988,9.940000,6.226010,5.994570,5.995074,5.999756,5.936731,6.065463,6.162804,5.999902,5.989645,-0.001159,5.999084,5.999949,-0.002426,5.999993,5.999986,5.999951,-0.000869,5.999994,-0.000003,5.966303,5.999427,5.864647,7.219996,5.999898,5.996179,8.786131,8.112637,5.575193,5.999997,,5.999671,5.999924,5.999929,6.072157,5.936731,5.999953,6.329093,5.999990,5.998804,0.000003,5.998704,5.894638,5.901279
1701572,6.069015,6.148083,6.001583,-0.237717,6.000626,11.005580,0.000000,2.601935,6.000911,21.031204,0.156284,-0.008900,0.156284,2.938103,0.844261,9.630785,6.300504,13.571519,8.931633,0.008893,0.269447,1.062420,0.329103,6.309328,6.028660,6.000001,7.130166,6.037971,6.315964,6.062502,6.028660,6.002020,6.000054,5.970731,17.615519,6.000387,6.002614,6.342375,6.304389,7.022616,6.028660,6.000003,6.007571,5.278735,6.034732,1.564809,7.014020,5.509175,0.101003,5.771240,6.263561,12.943825,1.321299,5.901519,0.014554,6.053813,7.622426,6.012129,6.000839,6.094046,6.489096,6.001355,6.000137,6.002840,5.930432,6.000329,,8.482443,5.371255,6.000004,6.028660,7.529791,6.000021,5.847088,7.329674,0.000000,6.885693,6.017210,6.013715
1668827,6.006201,6.010761,6.000328,-8.010000,6.000143,7.894296,-0.406262,0.913885,6.000211,8.946397,-0.559222,-0.077988,-0.559222,0.449370,0.165561,6.792900,5.664410,12.448203,1.230519,-0.019282,-0.555404,-0.501551,-0.678372,5.817526,6.004383,6.000000,4.225667,6.008006,5.999853,6.006684,6.004383,6.000420,6.000014,5.828442,8.648629,6.000095,6.000621,6.046374,5.983428,3.405420,6.004383,6.000001,6.001847,-1.874145,6.007792,0.239331,5.581555,1.699188,0.022862,5.064726,5.591695,11.978626,-0.314095,5.393608,-0.189204,6.008230,5.330490,6.002151,6.000203,-0.471046,6.058648,6.000352,6.000035,6.000575,5.644186,6.000076,3.517557,,0.096414,6.000001,6.004383,5.981436,6.000005,5.058451,6.241574,0.000000,5.789456,6.002632,6.002689
1701505,6.017357,6.037888,6.000351,1.463424,6.000136,11.087294,0.334865,6.989769,6.000196,9.376185,1.670482,-0.004600,1.670482,0.691985,0.189613,6.794951,8.602318,13.861298,2.137916,0.084716,2.543135,8.635841,3.106192,8.544403,6.006750,6.000000,6.759355,6.008386,6.086693,6.015449,6.006750,6.000448,6.000011,5.914885,8.514821,6.000082,6.000559,6.082154,6.087678,7.110393,6.006750,6.000001,6.001609,6.451000,6.007552,0.368546,6.384086,5.746312,0.021911,5.000451,8.376339,13.731553,0.441931,5.737646,0.268590,6.012674,6.614536,6.002782,6.000179,8.185804,6.119285,6.000282,6.000029,6.000633,5.754870,6.000071,6.628745,11.903586,,6.000001,6.006750,15.513759,6.000004,5.592640,6.303490,0.000000,6.296235,6.004053,6.003080
1705858,5.999642,5.999840,5.982345,-0.000001,5.961143,5.999999,-0.000000,-0.000001,5.974538,5.999998,-0.000000,-0.000000,-0.000000,-0.000010,-0.000034,5.999993,6.000000,5.999999,-0.000003,-0.000000,-0.000000,-0.000000,-0.000000,6.000000,5.999023,6.876204,5.999996,5.999273,5.999936,5.999590,5.999023,5.986186,6.090720,6.000000,5.999998,5.958380,5.991986,5.999921,5.999940,5.999997,5.999023,6.899749,5.997669,5.999999,5.999270,-0.000018,5.999989,5.999999,-0.000246,6.000000,6.000000,5.999999,-0.000010,6.000000,-0.000000,5.999480,5.999993,5.997629,5.977675,5.999999,5.999946,5.997575,5.933540,5.990029,6.000000,5.927843,5.999996,5.999999,5.999999,,5.999023,5.999999,5.579684,6.000000,5.999978,0.000199,5.999985,5.998374,5.997913
1687421,4.957167,5.458659,6.213835,-0.010245,6.117329,5.996554,-0.000541,-0.003378,6.178944,6.009890,-0.001021,-0.000088,-0.001021,0.000000,0.176629,6.087274,5.999023,6.002912,-0.002968,-0.000041,-0.001215,-0.002544,-0.001484,5.999211,6.000000,6.000307,5.970255,11.465308,5.701278,5.032477,6.000000,6.275322,6.015089,5.999823,6.036944,6.089817,6.550645,5.912749,5.687793,5.979659,6.000000,6.000839,7.713345,5.990790,12.165692,0.000000,5.929871,5.995140,4.031285,5.999159,5.998991,6.001956,-0.063116,5.999367,-0.000278,6.000000,5.956169,6.735759,6.186030,5.991218,5.900426,6.359496,6.034673,6.349454,5.999649,6.063269,5.971340,5.995617,5.993250,6.000977,,5.997274,6.005367,5.999016,6.061653,0.000000,5.905841,6.000000,7.471518
1664684,6.003881,6.006759,6.000204,-4.937891,6.000089,7.184854,-0.653855,0.683726,6.000131,7.828662,-0.896983,-0.125692,-0.896983,0.279455,0.102754,6.491751,5.465756,10.003521,0.766002,-0.030859,-0.888628,-0.786468,-1.085373,5.712360,6.002726,6.000000,4.907553,6.004966,6.000182,6.004173,6.002726,6.000260,6.000009,5.723315,7.642219,6.000059,6.000385,6.028873,5.990050,4.402531,6.002726,6.000000,6.001145,-1.850546,6.004832,0.148836,5.743010,-0.931494,0.014175,4.490263,5.348004,9.713365,-0.192420,5.022124,-0.304229,6.005118,5.588818,6.001336,6.000126,1.321166,6.036563,6.000218,6.000022,6.000357,5.425980,6.000047,4.470209,6.018564,-3.513759,6.000001,6.002726,,6.000003,4.481645,6.150015,0.000000,5.871017,6.001637,6.001669
1701616,5.997984,5.999092,5.909718,-0.000007,5.819872,5.999993,-0.000000,-0.000005,5.885894,5.999990,-0.000001,-0.000000,-0.000001,-0.000052,-0.000178,5.999964,5.999999,5.999996,-0.000017,-0.000000,-0.000001,-0.000003,-0.000001,5.999999,5.994633,6.248682,5.999977,5.996322,5.999633,5.997701,5.994633,5.929454,7.783881,6.000000,5.999990,5.867069,5.966715,5.999560,5.999656,5.999984,5.994633,6.480768,5.991721,5.999994,5.996521,-0.000098,5.999939,5.999997,-0.001158,6.000000,5.999999,5.999995,-0.000059,6.000000,-0.000000,5.997141,5.999962,5.987234,5.915797,5.999993,5.999699,6.029168,5.989211,5.948392,6.000000,5.670907,5.999979,5.999995,5.999996,6.420316,5.994633,5.999997,,5.999999,5.999884,0.000040,5.999912,5.991062,5.989057
1681618,6.002637,6.005814,6.000049,0.403233,6.000019,6.771196,5.540626,1.092043,6.000027,6.475988,4.819090,0.316198,4.819090,0.100835,0.026731,6.109973,10.830291,7.117060,0.314881,1.009727,4.006409,1.759359,3.280170,11.746917,6.000984,6.000000,6.158729,6.001168,6.013830,6.002322,6.000984,6.000063,6.000001,5.881834,6.344924,6.000011,6.000076,6.012119,6.014335,6.232107,6.000984,6.000000,6.000217,6.341740,6.001039,0.053704,6.070129,6.516135,0.003010,-0.455013,10.765856,7.106324,0.077142,6.000000,3.802551,6.001847,6.112206,6.000398,6.000024,6.509620,6.017781,6.000038,6.000004,6.000089,5.010562,6.000010,6.152912,6.941549,6.407360,6.000000,6.000984,7.518355,6.000001,,6.043281,0.000000,6.051710,6.000591,6.000434
1670729,5.525549,4.791454,6.003033,-0.471659,6.002185,5.763100,-0.025096,-0.196750,6.003430,6.152754,-0.049753,-0.003951,-0.049753,-0.926601,0.911581,8.271062,5.950027,6.018592,-0.398376,-0.002056,-0.060529,-0.134369,-0.073930,5.958627,5.938347,6.000007,4.596995,6.082890,1.691414,5.650276,5.938347,6.003945,6.000338,5.992251,7.058028,6.001873,6.010959,4.814979,0.619211,5.040539,5.938347,6.000019,6.035306,5.583789,6.110947,-1.739795,2.581137,5.782095,0.337750,5.964488,5.949130,5.983877,-3.143592,5.972126,-0.013104,5.884240,3.863203,5.996064,6.003796,5.591120,3.738248,6.007911,6.000749,6.004414,5.984791,6.001196,4.670326,5.758426,5.696510,6.000022,5.938347,5.849985,6.000116,5.956719,,0.000000,1.310311,5.962978,6.014808
1438713,-0.000000,-0.000000,-0.000001,1.000000,-0.000002,-0.000000,1.000000,1.000000,-0.000001,-0.000000,1.000000,1.000000,1.000000,1.000000,1.000000,-0.000000,-0.000000,-0.000000,1.000000,1.000000,1.000000,1.000000,1.000000,-0.000000,-0.000000,-0.000482,-0.000000,-0.000000,-0.000000,-0.000000,-0.000000,-0.000001,-0.000012,-0.000000,-0.000000,-0.000002,-0.000000,-0.000000,-0.000000,-0.000000,-0.000000,-0.000216,-0.000000,-0.000000,-0.000000,1.000000,-0.000000,-0.000000,1.000000,-0.000000,-0.000000,-0.000000,1.000000,-0.000000,1.000000,-0.000000,-0.000000,-0.000000,-0.000001,-0.000000,-0.000000,-0.000001,-0.000006,-0.000000,-0.000000,-0.000003,-0.000000,-0.000000,-0.000000,-0.000199,-0.000000,-0.000000,-0.000040,-0.000000,-0.000000,,-0.000000,-0.000000,-0.000000
1669830,6.190117,6.386524,6.005925,-0.349741,6.002455,6.591203,-0.016716,0.258281,6.003597,9.077692,-0.009755,-0.003964,-0.009755,8.391544,3.080061,19.926255,6.011679,7.145336,2.269232,-0.000039,0.000000,0.069471,0.000000,6.018727,6.094159,6.000005,5.289217,6.143233,6.630408,6.181155,6.094159,6.007568,6.000229,5.990459,13.082239,6.001574,6.010449,7.074426,6.469141,5.513923,6.094159,6.000013,6.030668,5.614837,6.134961,5.140882,5.329680,5.781410,0.394173,5.942115,6.005553,7.028288,0.000000,5.966697,-0.006551,6.176793,5.581048,6.042337,6.003387,5.741719,7.470952,6.005667,6.000568,6.010511,5.979459,6.001296,5.114307,6.210544,5.703765,6.000015,6.094159,6.128983,6.000088,5.948290,10.689689,0.000000,,6.056542,6.050034
1681487,5.373783,5.674927,6.356097,-0.006152,6.195387,5.997931,-0.000325,-0.002028,6.297994,6.005939,-0.000613,-0.000053,-0.000613,0.000000,0.106065,6.052408,5.999413,6.001749,-0.001782,-0.000025,-0.000730,-0.001528,-0.000891,5.999526,6.000000,6.000511,5.982138,9.929140,5.820619,5.419007,6.000000,6.458492,6.025128,5.999894,6.022185,6.149571,6.916984,5.947606,5.812521,5.987785,6.000000,6.001396,8.853218,5.994469,12.612755,0.000000,5.957888,5.997082,2.420769,5.999495,5.999394,6.001175,-0.037901,5.999620,-0.000167,6.000000,5.973680,7.225253,6.309794,5.994726,5.940206,6.598666,6.057741,6.581942,5.999789,6.105362,5.982790,5.997368,5.995947,6.001626,6.000000,5.998363,6.008938,5.999409,6.037022,0.000000,5.943458,,8.450506
1701688,5.159653,5.601703,6.155429,-0.004846,6.177185,5.997158,-0.000259,-0.002237,6.287271,5.999991,-0.000526,-0.000040,-0.000526,-0.014354,0.000000,6.014220,5.999461,5.999588,-0.005459,-0.000022,-0.000646,-0.001471,-0.000789,5.999549,4.528482,6.000682,5.985410,6.796998,5.816844,5.102727,4.528482,6.207063,6.032818,5.999922,6.007517,6.170885,6.955467,5.855279,5.819514,5.990022,4.528482,6.001819,9.185836,5.995765,8.084571,-0.026952,5.963881,5.997792,0.794847,5.999652,5.999454,5.999280,-0.033539,5.999720,-0.000136,5.216282,5.977426,4.000000,6.339339,5.995775,5.890106,6.757120,6.070585,6.158319,5.999849,6.098721,5.986285,5.997311,5.996920,6.002087,4.528482,5.998331,6.010943,5.999566,5.985192,0.000000,5.949966,3.549494,
